PitchNo,Date,Time,PAofInning,PitchofPA,Pitcher,PitcherId,PitcherThrows,PitcherTeam,Batter,BatterId,BatterSide,BatterTeam,PitcherSet,Inning,Top/Bottom,Outs,Balls,Strikes,TaggedPitchType,AutoPitchType,PitchCall,KorBB,TaggedHitType,PlayResult,OutsOnPlay,RunsScored,Notes,RelSpeed,VertRelAngle,HorzRelAngle,SpinRate,SpinAxis,Tilt,RelHeight,RelSide,Extension,VertBreak,InducedVertBreak,HorzBreak,PlateLocHeight,PlateLocSide,ZoneSpeed,VertApprAngle,HorzApprAngle,ZoneTime,ExitSpeed,Angle,Direction,HitSpinRate,PositionAt110X,PositionAt110Y,PositionAt110Z,Distance,LastTrackedDistance,Bearing,HangTime,pfxx,pfxz,x0,y0,z0,vx0,vy0,vz0,ax0,ay0,az0,HomeTeam,AwayTeam,Stadium,Level,League,GameID,PitchUID,EffectiveVelo,MaxHeight,MeasuredDuration,SpeedDrop,PitchLastMeasuredX,PitchLastMeasuredY,PitchLastMeasuredZ,ContactPositionX,ContactPositionY,ContactPositionZ,GameUID,UTCDate,UTCTime,LocalDateTime,UTCDateTime,AutoHitType,System,HomeTeamForeignID,AwayTeamForeignID,GameForeignID,Catcher,CatcherId,CatcherThrows,CatcherTeam,PlayID,PitchTrajectoryXc0,PitchTrajectoryXc1,PitchTrajectoryXc2,PitchTrajectoryYc0,PitchTrajectoryYc1,PitchTrajectoryYc2,PitchTrajectoryZc0,PitchTrajectoryZc1,PitchTrajectoryZc2,HitSpinAxis,HitTrajectoryXc0,HitTrajectoryXc1,HitTrajectoryXc2,HitTrajectoryXc3,HitTrajectoryXc4,HitTrajectoryXc5,HitTrajectoryXc6,HitTrajectoryXc7,HitTrajectoryXc8,HitTrajectoryYc0,HitTrajectoryYc1,HitTrajectoryYc2,HitTrajectoryYc3,HitTrajectoryYc4,HitTrajectoryYc5,HitTrajectoryYc6,HitTrajectoryYc7,HitTrajectoryYc8,HitTrajectoryZc0,HitTrajectoryZc1,HitTrajectoryZc2,HitTrajectoryZc3,HitTrajectoryZc4,HitTrajectoryZc5,HitTrajectoryZc6,HitTrajectoryZc7,HitTrajectoryZc8,ThrowSpeed,PopTime,ExchangeTime,TimeToBase,CatchPositionX,CatchPositionY,CatchPositionZ,ThrowPositionX,ThrowPositionY,ThrowPositionZ,BasePositionX,BasePositionY,BasePositionZ,ThrowTrajectoryXc0,ThrowTrajectoryXc1,ThrowTrajectoryXc2,ThrowTrajectoryYc0,ThrowTrajectoryYc1,ThrowTrajectoryYc2,ThrowTrajectoryZc0,ThrowTrajectoryZc1,ThrowTrajectoryZc2,PitchReleaseConfidence,PitchLocationConfidence,PitchMovementConfidence,HitLaunchConfidence,HitLandingConfidence,CatcherThrowCatchConfidence,CatcherThrowReleaseConfidence,CatcherThrowLocationConfidence
,20260608,,1,1,"Brooks, Tyler",,Right,BRK_BAN,"Doyle, Hunter",,Right,CON_RIV,,1,Top,0,0,0,Slider,Slider,InPlay,,FlyBall,Out,1,,,82.9,,,2394,300.6,,5.71,2.02,6.33,,2.2,-3.7,2.45,-0.01,,-5.6,-0.6,,85.2,26.8,1.2,,,,,157.2,157.2,,,,,,,,,,,,,,BRK_BAN,CON_RIV,BanditsBallpark,,,20260608-BanditsBallpark-1,,,,,,,,,,,,,,,,,FlyBall,,,,,"Boyd, Marcus",,Right,BRK_BAN,,,,,,,,,,,,,,,,,,,,,,,,,,,,,,,,,,,,,,,,,,,,,,,,,,,,,,,,,,,,,,,,,,,,
,20260608,,2,1,"Brooks, Tyler",,Right,BRK_BAN,"Sorensen, Blake",,Right,CON_RIV,,1,Top,1,0,0,Slider,Slider,StrikeCalled,,,,,,,84.8,,,2519,280.1,,5.87,1.82,6.36,,0.6,-3.5,2.66,-0.24,,-5.0,-0.6,,,,,,,,,,,,,,,,,,,,,,,,BRK_BAN,CON_RIV,BanditsBallpark,,,20260608-BanditsBallpark-1,,,,,,,,,,,,,,,,,,,,,,"Boyd, Marcus",,Right,BRK_BAN,,,,,,,,,,,,,,,,,,,,,,,,,,,,,,,,,,,,,,,,,,,,,,,,,,,,,,,,,,,,,,,,,,,,
,20260608,,2,2,"Brooks, Tyler",,Right,BRK_BAN,"Sorensen, Blake",,Right,CON_RIV,,1,Top,1,0,1,Slider,Slider,BallCalled,,,,,,,85.1,,,2442,286.9,,6.1,1.96,6.12,,1.6,-5.2,3.78,-0.54,,-5.9,-1.5,,,,,,,,,,,,,,,,,,,,,,,,BRK_BAN,CON_RIV,BanditsBallpark,,,20260608-BanditsBallpark-1,,,,,,,,,,,,,,,,,,,,,,"Boyd, Marcus",,Right,BRK_BAN,,,,,,,,,,,,,,,,,,,,,,,,,,,,,,,,,,,,,,,,,,,,,,,,,,,,,,,,,,,,,,,,,,,,
,20260608,,2,3,"Brooks, Tyler",,Right,BRK_BAN,"Sorensen, Blake",,Right,CON_RIV,,1,Top,1,1,1,Four-Seam,Four-Seam,StrikeCalled,,,,,,,92.2,,,2213,22.3,,5.96,2.02,6.09,,15.6,6.4,2.09,0.69,,-6.0,1.1,,,,,,,,,,,,,,,,,,,,,,,,BRK_BAN,CON_RIV,BanditsBallpark,,,20260608-BanditsBallpark-1,,,,,,,,,,,,,,,,,,,,,,"Boyd, Marcus",,Right,BRK_BAN,,,,,,,,,,,,,,,,,,,,,,,,,,,,,,,,,,,,,,,,,,,,,,,,,,,,,,,,,,,,,,,,,,,,
,20260608,,2,4,"Brooks, Tyler",,Right,BRK_BAN,"Sorensen, Blake",,Right,CON_RIV,,1,Top,1,1,2,Four-Seam,Four-Seam,BallCalled,,,,,,,92.7,,,2202,26.6,,5.68,1.81,6.06,,15.2,7.6,3.18,-1.82,,-6.4,-0.0,,,,,,,,,,,,,,,,,,,,,,,,BRK_BAN,CON_RIV,BanditsBallpark,,,20260608-BanditsBallpark-1,,,,,,,,,,,,,,,,,,,,,,"Boyd, Marcus",,Right,BRK_BAN,,,,,,,,,,,,,,,,,,,,,,,,,,,,,,,,,,,,,,,,,,,,,,,,,,,,,,,,,,,,,,,,,,,,
,20260608,,2,5,"Brooks, Tyler",,Right,BRK_BAN,"Sorensen, Blake",,Right,CON_RIV,,1,Top,1,2,2,Slider,Slider,StrikeSwinging,Strikeout,,,,,,83.0,,,2418,306.7,,5.87,1.87,5.96,,2.2,-3.0,2.16,-0.43,,-5.0,-0.4,,,,,,,,,,,,,,,,,,,,,,,,BRK_BAN,CON_RIV,BanditsBallpark,,,20260608-BanditsBallpark-1,,,,,,,,,,,,,,,,,,,,,,"Boyd, Marcus",,Right,BRK_BAN,,,,,,,,,,,,,,,,,,,,,,,,,,,,,,,,,,,,,,,,,,,,,,,,,,,,,,,,,,,,,,,,,,,,
,20260608,,3,1,"Brooks, Tyler",,Right,BRK_BAN,"Marsh, Eli",,Left,CON_RIV,,1,Top,2,0,0,Slider,Slider,BallCalled,,,,,,,82.7,,,2539,300.8,,5.89,2.01,6.27,,3.0,-5.1,2.99,-1.44,,-5.7,-0.9,,,,,,,,,,,,,,,,,,,,,,,,BRK_BAN,CON_RIV,BanditsBallpark,,,20260608-BanditsBallpark-1,,,,,,,,,,,,,,,,,,,,,,"Boyd, Marcus",,Right,BRK_BAN,,,,,,,,,,,,,,,,,,,,,,,,,,,,,,,,,,,,,,,,,,,,,,,,,,,,,,,,,,,,,,,,,,,,
,20260608,,3,2,"Brooks, Tyler",,Right,BRK_BAN,"Marsh, Eli",,Left,CON_RIV,,1,Top,2,1,0,Four-Seam,Four-Seam,BallCalled,,,,,,,92.8,,,2299,25.0,,5.85,1.93,6.29,,16.9,7.9,3.41,-0.32,,-6.8,0.2,,,,,,,,,,,,,,,,,,,,,,,,BRK_BAN,CON_RIV,BanditsBallpark,,,20260608-BanditsBallpark-1,,,,,,,,,,,,,,,,,,,,,,"Boyd, Marcus",,Right,BRK_BAN,,,,,,,,,,,,,,,,,,,,,,,,,,,,,,,,,,,,,,,,,,,,,,,,,,,,,,,,,,,,,,,,,,,,
,20260608,,3,3,"Brooks, Tyler",,Right,BRK_BAN,"Marsh, Eli",,Left,CON_RIV,,1,Top,2,2,0,Slider,Slider,StrikeCalled,,,,,,,84.0,,,2589,285.9,,5.84,1.83,6.6,,1.4,-4.8,2.63,0.01,,-4.7,-1.6,,,,,,,,,,,,,,,,,,,,,,,,BRK_BAN,CON_RIV,BanditsBallpark,,,20260608-BanditsBallpark-1,,,,,,,,,,,,,,,,,,,,,,"Boyd, Marcus",,Right,BRK_BAN,,,,,,,,,,,,,,,,,,,,,,,,,,,,,,,,,,,,,,,,,,,,,,,,,,,,,,,,,,,,,,,,,,,,
,20260608,,3,4,"Brooks, Tyler",,Right,BRK_BAN,"Marsh, Eli",,Left,CON_RIV,,1,Top,2,2,1,Slider,Slider,BallCalled,,,,,,,83.5,,,2518,283.8,,5.51,1.84,6.48,,1.6,-6.4,1.4,-0.48,,-5.8,-0.6,,,,,,,,,,,,,,,,,,,,,,,,BRK_BAN,CON_RIV,BanditsBallpark,,,20260608-BanditsBallpark-1,,,,,,,,,,,,,,,,,,,,,,"Boyd, Marcus",,Right,BRK_BAN,,,,,,,,,,,,,,,,,,,,,,,,,,,,,,,,,,,,,,,,,,,,,,,,,,,,,,,,,,,,,,,,,,,,
,20260608,,3,5,"Brooks, Tyler",,Right,BRK_BAN,"Marsh, Eli",,Left,CON_RIV,,1,Top,2,3,1,Four-Seam,Four-Seam,BallCalled,Walk,,,,,,93.5,,,2343,23.5,,5.76,1.85,6.26,,16.1,7.0,2.4,-1.04,,-5.6,0.4,,,,,,,,,,,,,,,,,,,,,,,,BRK_BAN,CON_RIV,BanditsBallpark,,,20260608-BanditsBallpark-1,,,,,,,,,,,,,,,,,,,,,,"Boyd, Marcus",,Right,BRK_BAN,,,,,,,,,,,,,,,,,,,,,,,,,,,,,,,,,,,,,,,,,,,,,,,,,,,,,,,,,,,,,,,,,,,,
,20260608,,4,1,"Brooks, Tyler",,Right,BRK_BAN,"Delgado, Marcus",,Right,CON_RIV,,1,Top,2,0,0,Four-Seam,Four-Seam,InPlay,,GroundBall,Single,,,,93.9,,,2276,23.4,,5.74,2.05,6.35,,17.4,7.5,3.0,0.77,,-6.7,1.6,,90.5,2.3,-0.2,,,,,95.9,95.9,,,,,,,,,,,,,,BRK_BAN,CON_RIV,BanditsBallpark,,,20260608-BanditsBallpark-1,,,,,,,,,,,,,,,,,GroundBall,,,,,"Boyd, Marcus",,Right,BRK_BAN,,,,,,,,,,,,,,,,,,,,,,,,,,,,,,,,,,,,,,,,,,,,,,,,,,,,,,,,,,,,,,,,,,,,
,20260608,,5,1,"Brooks, Tyler",,Right,BRK_BAN,"Dunmore, Chris",,Left,CON_RIV,,1,Top,2,0,0,Slider,Slider,StrikeCalled,,,,,,,84.2,,,2492,282.8,,5.77,1.98,6.19,,1.6,-7.0,2.27,-0.43,,-5.8,-1.3,,,,,,,,,,,,,,,,,,,,,,,,BRK_BAN,CON_RIV,BanditsBallpark,,,20260608-BanditsBallpark-1,,,,,,,,,,,,,,,,,,,,,,"Boyd, Marcus",,Right,BRK_BAN,,,,,,,,,,,,,,,,,,,,,,,,,,,,,,,,,,,,,,,,,,,,,,,,,,,,,,,,,,,,,,,,,,,,
,20260608,,5,2,"Brooks, Tyler",,Right,BRK_BAN,"Dunmore, Chris",,Left,CON_RIV,,1,Top,2,0,1,Slider,Slider,StrikeSwinging,,,,,,,82.6,,,2376,296.7,,5.86,1.95,6.08,,3.0,-6.1,2.86,-0.02,,-5.1,0.0,,,,,,,,,,,,,,,,,,,,,,,,BRK_BAN,CON_RIV,BanditsBallpark,,,20260608-BanditsBallpark-1,,,,,,,,,,,,,,,,,,,,,,"Boyd, Marcus",,Right,BRK_BAN,,,,,,,,,,,,,,,,,,,,,,,,,,,,,,,,,,,,,,,,,,,,,,,,,,,,,,,,,,,,,,,,,,,,
,20260608,,5,3,"Brooks, Tyler",,Right,BRK_BAN,"Dunmore, Chris",,Left,CON_RIV,,1,Top,2,0,2,Four-Seam,Four-Seam,BallCalled,,,,,,,94.4,,,2143,33.8,,5.75,1.94,5.99,,13.2,8.8,3.52,-0.97,,-6.5,1.5,,,,,,,,,,,,,,,,,,,,,,,,BRK_BAN,CON_RIV,BanditsBallpark,,,20260608-BanditsBallpark-1,,,,,,,,,,,,,,,,,,,,,,"Boyd, Marcus",,Right,BRK_BAN,,,,,,,,,,,,,,,,,,,,,,,,,,,,,,,,,,,,,,,,,,,,,,,,,,,,,,,,,,,,,,,,,,,,
,20260608,,5,4,"Brooks, Tyler",,Right,BRK_BAN,"Dunmore, Chris",,Left,CON_RIV,,1,Top,2,1,2,Four-Seam,Four-Seam,BallCalled,,,,,,,92.4,,,2311,20.1,,5.72,1.95,6.18,,15.9,5.8,1.97,0.98,,-6.1,1.9,,,,,,,,,,,,,,,,,,,,,,,,BRK_BAN,CON_RIV,BanditsBallpark,,,20260608-BanditsBallpark-1,,,,,,,,,,,,,,,,,,,,,,"Boyd, Marcus",,Right,BRK_BAN,,,,,,,,,,,,,,,,,,,,,,,,,,,,,,,,,,,,,,,,,,,,,,,,,,,,,,,,,,,,,,,,,,,,
,20260608,,5,5,"Brooks, Tyler",,Right,BRK_BAN,"Dunmore, Chris",,Left,CON_RIV,,1,Top,2,2,2,Changeup,Changeup,StrikeSwinging,Strikeout,,,,,,85.5,,,1713,43.8,,5.8,1.79,6.09,,11.9,11.4,2.81,0.22,,-5.7,1.5,,,,,,,,,,,,,,,,,,,,,,,,BRK_BAN,CON_RIV,BanditsBallpark,,,20260608-BanditsBallpark-1,,,,,,,,,,,,,,,,,,,,,,"Boyd, Marcus",,Right,BRK_BAN,,,,,,,,,,,,,,,,,,,,,,,,,,,,,,,,,,,,,,,,,,,,,,,,,,,,,,,,,,,,,,,,,,,,
,20260608,,1,1,"Delgado, Marcus",,Right,CON_RIV,"Boyd, Marcus",,Right,BRK_BAN,,1,Bottom,0,0,0,Four-Seam,Four-Seam,InPlay,,LineDrive,Single,,,,93.2,,,2360,26.9,,5.73,1.87,6.27,,13.5,6.8,2.81,0.68,,-5.7,0.2,,76.8,21.7,-25.0,,,,,298.2,298.2,,,,,,,,,,,,,,BRK_BAN,CON_RIV,BanditsBallpark,,,20260608-BanditsBallpark-1,,,,,,,,,,,,,,,,,LineDrive,,,,,"Doyle, Hunter",,Right,CON_RIV,,,,,,,,,,,,,,,,,,,,,,,,,,,,,,,,,,,,,,,,,,,,,,,,,,,,,,,,,,,,,,,,,,,,
,20260608,,2,1,"Delgado, Marcus",,Right,CON_RIV,"Reyes, Julian",,Right,BRK_BAN,,1,Bottom,0,0,0,Four-Seam,Four-Seam,StrikeCalled,,,,,,,91.7,,,2335,29.4,,5.71,1.87,6.31,,14.6,8.2,1.89,0.12,,-6.4,1.9,,,,,,,,,,,,,,,,,,,,,,,,BRK_BAN,CON_RIV,BanditsBallpark,,,20260608-BanditsBallpark-1,,,,,,,,,,,,,,,,,,,,,,"Doyle, Hunter",,Right,CON_RIV,,,,,,,,,,,,,,,,,,,,,,,,,,,,,,,,,,,,,,,,,,,,,,,,,,,,,,,,,,,,,,,,,,,,
,20260608,,2,2,"Delgado, Marcus",,Right,CON_RIV,"Reyes, Julian",,Right,BRK_BAN,,1,Bottom,0,0,1,Four-Seam,Four-Seam,BallCalled,,,,,,,93.8,,,2301,24.9,,5.81,1.82,5.93,,17.4,8.1,3.69,-1.28,,-6.9,0.7,,,,,,,,,,,,,,,,,,,,,,,,BRK_BAN,CON_RIV,BanditsBallpark,,,20260608-BanditsBallpark-1,,,,,,,,,,,,,,,,,,,,,,"Doyle, Hunter",,Right,CON_RIV,,,,,,,,,,,,,,,,,,,,,,,,,,,,,,,,,,,,,,,,,,,,,,,,,,,,,,,,,,,,,,,,,,,,
,20260608,,2,3,"Delgado, Marcus",,Right,CON_RIV,"Reyes, Julian",,Right,BRK_BAN,,1,Bottom,0,1,1,Four-Seam,Four-Seam,StrikeSwinging,,,,,,,93.9,,,2281,27.6,,5.78,1.76,6.16,,13.7,7.2,2.54,0.66,,-6.1,1.3,,,,,,,,,,,,,,,,,,,,,,,,BRK_BAN,CON_RIV,BanditsBallpark,,,20260608-BanditsBallpark-1,,,,,,,,,,,,,,,,,,,,,,"Doyle, Hunter",,Right,CON_RIV,,,,,,,,,,,,,,,,,,,,,,,,,,,,,,,,,,,,,,,,,,,,,,,,,,,,,,,,,,,,,,,,,,,,
,20260608,,2,4,"Delgado, Marcus",,Right,CON_RIV,"Reyes, Julian",,Right,BRK_BAN,,1,Bottom,0,1,2,Four-Seam,Four-Seam,BallCalled,,,,,,,93.0,,,2246,24.8,,5.68,1.84,6.15,,16.3,7.5,2.31,1.15,,-6.8,1.5,,,,,,,,,,,,,,,,,,,,,,,,BRK_BAN,CON_RIV,BanditsBallpark,,,20260608-BanditsBallpark-1,,,,,,,,,,,,,,,,,,,,,,"Doyle, Hunter",,Right,CON_RIV,,,,,,,,,,,,,,,,,,,,,,,,,,,,,,,,,,,,,,,,,,,,,,,,,,,,,,,,,,,,,,,,,,,,
,20260608,,2,5,"Delgado, Marcus",,Right,CON_RIV,"Reyes, Julian",,Right,BRK_BAN,,1,Bottom,0,2,2,Four-Seam,Four-Seam,StrikeCalled,Strikeout,,,,,,92.4,,,2321,29.8,,5.85,1.74,6.15,,15.0,8.6,2.35,0.43,,-6.2,1.4,,,,,,,,,,,,,,,,,,,,,,,,BRK_BAN,CON_RIV,BanditsBallpark,,,20260608-BanditsBallpark-1,,,,,,,,,,,,,,,,,,,,,,"Doyle, Hunter",,Right,CON_RIV,,,,,,,,,,,,,,,,,,,,,,,,,,,,,,,,,,,,,,,,,,,,,,,,,,,,,,,,,,,,,,,,,,,,
,20260608,,3,1,"Delgado, Marcus",,Right,CON_RIV,"Callahan, Derek",,Left,BRK_BAN,,1,Bottom,1,0,0,Four-Seam,Four-Seam,StrikeSwinging,,,,,,,91.7,,,2153,28.7,,6.1,2.1,6.23,,14.4,7.9,2.64,0.76,,-6.8,1.9,,,,,,,,,,,,,,,,,,,,,,,,BRK_BAN,CON_RIV,BanditsBallpark,,,20260608-BanditsBallpark-1,,,,,,,,,,,,,,,,,,,,,,"Doyle, Hunter",,Right,CON_RIV,,,,,,,,,,,,,,,,,,,,,,,,,,,,,,,,,,,,,,,,,,,,,,,,,,,,,,,,,,,,,,,,,,,,
,20260608,,3,2,"Delgado, Marcus",,Right,CON_RIV,"Callahan, Derek",,Left,BRK_BAN,,1,Bottom,1,0,1,Four-Seam,Four-Seam,StrikeCalled,,,,,,,93.9,,,2281,31.9,,5.81,1.83,6.19,,16.1,10.0,2.43,0.0,,-7.1,1.4,,,,,,,,,,,,,,,,,,,,,,,,BRK_BAN,CON_RIV,BanditsBallpark,,,20260608-BanditsBallpark-1,,,,,,,,,,,,,,,,,,,,,,"Doyle, Hunter",,Right,CON_RIV,,,,,,,,,,,,,,,,,,,,,,,,,,,,,,,,,,,,,,,,,,,,,,,,,,,,,,,,,,,,,,,,,,,,
,20260608,,3,3,"Delgado, Marcus",,Right,CON_RIV,"Callahan, Derek",,Left,BRK_BAN,,1,Bottom,1,0,2,Curveball,Curveball,InPlay,,GroundBall,Out,1,,,77.8,,,2521,214.2,,5.76,1.89,6.07,,-6.6,-4.5,3.16,-0.27,,-4.1,-0.9,,79.1,9.4,38.6,,,,,153.4,153.4,,,,,,,,,,,,,,BRK_BAN,CON_RIV,BanditsBallpark,,,20260608-BanditsBallpark-1,,,,,,,,,,,,,,,,,GroundBall,,,,,"Doyle, Hunter",,Right,CON_RIV,,,,,,,,,,,,,,,,,,,,,,,,,,,,,,,,,,,,,,,,,,,,,,,,,,,,,,,,,,,,,,,,,,,,
,20260608,,4,1,"Delgado, Marcus",,Right,CON_RIV,"Brooks, Tyler",,Right,BRK_BAN,,1,Bottom,2,0,0,Four-Seam,Four-Seam,StrikeCalled,,,,,,,95.7,,,2186,27.1,,5.75,2.06,6.11,,16.3,8.4,2.45,-0.75,,-6.7,1.4,,,,,,,,,,,,,,,,,,,,,,,,BRK_BAN,CON_RIV,BanditsBallpark,,,20260608-BanditsBallpark-1,,,,,,,,,,,,,,,,,,,,,,"Doyle, Hunter",,Right,CON_RIV,,,,,,,,,,,,,,,,,,,,,,,,,,,,,,,,,,,,,,,,,,,,,,,,,,,,,,,,,,,,,,,,,,,,
,20260608,,4,2,"Delgado, Marcus",,Right,CON_RIV,"Brooks, Tyler",,Right,BRK_BAN,,1,Bottom,2,0,1,Four-Seam,Four-Seam,FoulBallNotFieldable,,,,,,,95.0,,,2291,21.2,,5.78,1.94,6.05,,18.7,7.2,2.64,1.67,,-6.1,1.4,,,,,,,,,,,,,,,,,,,,,,,,BRK_BAN,CON_RIV,BanditsBallpark,,,20260608-BanditsBallpark-1,,,,,,,,,,,,,,,,,,,,,,"Doyle, Hunter",,Right,CON_RIV,,,,,,,,,,,,,,,,,,,,,,,,,,,,,,,,,,,,,,,,,,,,,,,,,,,,,,,,,,,,,,,,,,,,
,20260608,,4,3,"Delgado, Marcus",,Right,CON_RIV,"Brooks, Tyler",,Right,BRK_BAN,,1,Bottom,2,0,2,Four-Seam,Four-Seam,BallCalled,,,,,,,93.4,,,2297,27.4,,5.54,1.87,6.17,,16.1,8.4,3.7,-0.71,,-6.3,2.1,,,,,,,,,,,,,,,,,,,,,,,,BRK_BAN,CON_RIV,BanditsBallpark,,,20260608-BanditsBallpark-1,,,,,,,,,,,,,,,,,,,,,,"Doyle, Hunter",,Right,CON_RIV,,,,,,,,,,,,,,,,,,,,,,,,,,,,,,,,,,,,,,,,,,,,,,,,,,,,,,,,,,,,,,,,,,,,
,20260608,,4,4,"Delgado, Marcus",,Right,CON_RIV,"Brooks, Tyler",,Right,BRK_BAN,,1,Bottom,2,1,2,Four-Seam,Four-Seam,BallCalled,,,,,,,93.8,,,2392,33.8,,5.66,2.05,6.27,,14.4,9.6,3.46,0.07,,-5.4,1.4,,,,,,,,,,,,,,,,,,,,,,,,BRK_BAN,CON_RIV,BanditsBallpark,,,20260608-BanditsBallpark-1,,,,,,,,,,,,,,,,,,,,,,"Doyle, Hunter",,Right,CON_RIV,,,,,,,,,,,,,,,,,,,,,,,,,,,,,,,,,,,,,,,,,,,,,,,,,,,,,,,,,,,,,,,,,,,,
,20260608,,4,5,"Delgado, Marcus",,Right,CON_RIV,"Brooks, Tyler",,Right,BRK_BAN,,1,Bottom,2,2,2,Four-Seam,Four-Seam,StrikeSwinging,Strikeout,,,,,,94.7,,,2276,25.1,,5.79,1.87,6.18,,15.1,7.1,2.95,0.31,,-6.6,0.8,,,,,,,,,,,,,,,,,,,,,,,,BRK_BAN,CON_RIV,BanditsBallpark,,,20260608-BanditsBallpark-1,,,,,,,,,,,,,,,,,,,,,,"Doyle, Hunter",,Right,CON_RIV,,,,,,,,,,,,,,,,,,,,,,,,,,,,,,,,,,,,,,,,,,,,,,,,,,,,,,,,,,,,,,,,,,,,
,20260608,,1,1,"Brooks, Tyler",,Right,BRK_BAN,"Doyle, Hunter",,Right,CON_RIV,,2,Top,0,0,0,Four-Seam,Four-Seam,BallCalled,,,,,,,93.9,,,2256,16.5,,5.63,1.98,6.12,,18.1,5.4,3.43,-1.25,,-7.2,1.1,,,,,,,,,,,,,,,,,,,,,,,,BRK_BAN,CON_RIV,BanditsBallpark,,,20260608-BanditsBallpark-1,,,,,,,,,,,,,,,,,,,,,,"Boyd, Marcus",,Right,BRK_BAN,,,,,,,,,,,,,,,,,,,,,,,,,,,,,,,,,,,,,,,,,,,,,,,,,,,,,,,,,,,,,,,,,,,,
,20260608,,1,2,"Brooks, Tyler",,Right,BRK_BAN,"Doyle, Hunter",,Right,CON_RIV,,2,Top,0,1,0,Changeup,Changeup,BallCalled,,,,,,,86.1,,,1666,51.7,,5.8,1.76,6.61,,9.9,12.6,3.37,0.92,,-5.5,2.0,,,,,,,,,,,,,,,,,,,,,,,,BRK_BAN,CON_RIV,BanditsBallpark,,,20260608-BanditsBallpark-1,,,,,,,,,,,,,,,,,,,,,,"Boyd, Marcus",,Right,BRK_BAN,,,,,,,,,,,,,,,,,,,,,,,,,,,,,,,,,,,,,,,,,,,,,,,,,,,,,,,,,,,,,,,,,,,,
,20260608,,1,3,"Brooks, Tyler",,Right,BRK_BAN,"Doyle, Hunter",,Right,CON_RIV,,2,Top,0,2,0,Slider,Slider,FoulBallNotFieldable,,,,,,,84.2,,,2369,297.6,,5.98,1.72,6.26,,3.5,-6.6,3.24,-0.25,,-4.8,0.0,,,,,,,,,,,,,,,,,,,,,,,,BRK_BAN,CON_RIV,BanditsBallpark,,,20260608-BanditsBallpark-1,,,,,,,,,,,,,,,,,,,,,,"Boyd, Marcus",,Right,BRK_BAN,,,,,,,,,,,,,,,,,,,,,,,,,,,,,,,,,,,,,,,,,,,,,,,,,,,,,,,,,,,,,,,,,,,,
,20260608,,1,4,"Brooks, Tyler",,Right,BRK_BAN,"Doyle, Hunter",,Right,CON_RIV,,2,Top,0,2,1,Changeup,Changeup,StrikeSwinging,,,,,,,85.6,,,1743,48.0,,5.73,1.75,6.17,,8.8,9.8,3.09,-0.07,,-4.5,1.4,,,,,,,,,,,,,,,,,,,,,,,,BRK_BAN,CON_RIV,BanditsBallpark,,,20260608-BanditsBallpark-1,,,,,,,,,,,,,,,,,,,,,,"Boyd, Marcus",,Right,BRK_BAN,,,,,,,,,,,,,,,,,,,,,,,,,,,,,,,,,,,,,,,,,,,,,,,,,,,,,,,,,,,,,,,,,,,,
,20260608,,1,5,"Brooks, Tyler",,Right,BRK_BAN,"Doyle, Hunter",,Right,CON_RIV,,2,Top,0,2,2,Four-Seam,Four-Seam,BallCalled,,,,,,,93.7,,,2377,32.0,,6.17,1.9,6.06,,16.2,10.1,3.55,0.8,,-6.1,1.7,,,,,,,,,,,,,,,,,,,,,,,,BRK_BAN,CON_RIV,BanditsBallpark,,,20260608-BanditsBallpark-1,,,,,,,,,,,,,,,,,,,,,,"Boyd, Marcus",,Right,BRK_BAN,,,,,,,,,,,,,,,,,,,,,,,,,,,,,,,,,,,,,,,,,,,,,,,,,,,,,,,,,,,,,,,,,,,,
,20260608,,1,6,"Brooks, Tyler",,Right,BRK_BAN,"Doyle, Hunter",,Right,CON_RIV,,2,Top,0,3,2,Four-Seam,Four-Seam,BallCalled,Walk,,,,,,96.3,,,2323,32.0,,6.09,2.05,6.38,,14.1,8.8,3.42,-0.85,,-5.6,1.5,,,,,,,,,,,,,,,,,,,,,,,,BRK_BAN,CON_RIV,BanditsBallpark,,,20260608-BanditsBallpark-1,,,,,,,,,,,,,,,,,,,,,,"Boyd, Marcus",,Right,BRK_BAN,,,,,,,,,,,,,,,,,,,,,,,,,,,,,,,,,,,,,,,,,,,,,,,,,,,,,,,,,,,,,,,,,,,,
,20260608,,2,1,"Brooks, Tyler",,Right,BRK_BAN,"Sorensen, Blake",,Right,CON_RIV,,2,Top,0,0,0,Four-Seam,Four-Seam,StrikeCalled,,,,,,,94.8,,,2209,15.7,,5.86,1.91,6.42,,17.3,4.9,1.86,-0.48,,-6.5,1.5,,,,,,,,,,,,,,,,,,,,,,,,BRK_BAN,CON_RIV,BanditsBallpark,,,20260608-BanditsBallpark-1,,,,,,,,,,,,,,,,,,,,,,"Boyd, Marcus",,Right,BRK_BAN,,,,,,,,,,,,,,,,,,,,,,,,,,,,,,,,,,,,,,,,,,,,,,,,,,,,,,,,,,,,,,,,,,,,
,20260608,,2,2,"Brooks, Tyler",,Right,BRK_BAN,"Sorensen, Blake",,Right,CON_RIV,,2,Top,0,0,1,Four-Seam,Four-Seam,BallCalled,,,,,,,93.0,,,2296,28.1,,5.91,1.97,6.64,,12.9,6.9,0.91,0.38,,-6.0,1.2,,,,,,,,,,,,,,,,,,,,,,,,BRK_BAN,CON_RIV,BanditsBallpark,,,20260608-BanditsBallpark-1,,,,,,,,,,,,,,,,,,,,,,"Boyd, Marcus",,Right,BRK_BAN,,,,,,,,,,,,,,,,,,,,,,,,,,,,,,,,,,,,,,,,,,,,,,,,,,,,,,,,,,,,,,,,,,,,
,20260608,,2,3,"Brooks, Tyler",,Right,BRK_BAN,"Sorensen, Blake",,Right,CON_RIV,,2,Top,0,1,1,Slider,Slider,BallCalled,,,,,,,84.7,,,2364,293.4,,5.65,1.95,6.36,,2.4,-5.5,1.5,0.5,,-4.4,-0.7,,,,,,,,,,,,,,,,,,,,,,,,BRK_BAN,CON_RIV,BanditsBallpark,,,20260608-BanditsBallpark-1,,,,,,,,,,,,,,,,,,,,,,"Boyd, Marcus",,Right,BRK_BAN,,,,,,,,,,,,,,,,,,,,,,,,,,,,,,,,,,,,,,,,,,,,,,,,,,,,,,,,,,,,,,,,,,,,
,20260608,,2,4,"Brooks, Tyler",,Right,BRK_BAN,"Sorensen, Blake",,Right,CON_RIV,,2,Top,0,2,1,Four-Seam,Four-Seam,StrikeCalled,,,,,,,93.6,,,2179,24.7,,5.49,1.81,6.03,,18.4,8.5,1.89,-0.73,,-6.5,0.7,,,,,,,,,,,,,,,,,,,,,,,,BRK_BAN,CON_RIV,BanditsBallpark,,,20260608-BanditsBallpark-1,,,,,,,,,,,,,,,,,,,,,,"Boyd, Marcus",,Right,BRK_BAN,,,,,,,,,,,,,,,,,,,,,,,,,,,,,,,,,,,,,,,,,,,,,,,,,,,,,,,,,,,,,,,,,,,,
,20260608,,2,5,"Brooks, Tyler",,Right,BRK_BAN,"Sorensen, Blake",,Right,CON_RIV,,2,Top,0,2,2,Four-Seam,Four-Seam,InPlay,,LineDrive,Out,1,,,93.9,,,2197,27.0,,5.75,1.82,6.33,,16.0,8.1,3.7,-1.15,,-5.9,0.9,,76.2,24.7,-1.9,,,,,202.7,202.7,,,,,,,,,,,,,,BRK_BAN,CON_RIV,BanditsBallpark,,,20260608-BanditsBallpark-1,,,,,,,,,,,,,,,,,LineDrive,,,,,"Boyd, Marcus",,Right,BRK_BAN,,,,,,,,,,,,,,,,,,,,,,,,,,,,,,,,,,,,,,,,,,,,,,,,,,,,,,,,,,,,,,,,,,,,
,20260608,,3,1,"Brooks, Tyler",,Right,BRK_BAN,"Marsh, Eli",,Left,CON_RIV,,2,Top,1,0,0,Four-Seam,Four-Seam,FoulBallNotFieldable,,,,,,,93.3,,,2269,14.8,,6.02,1.78,6.21,,19.0,5.0,2.15,0.47,,-6.7,1.4,,,,,,,,,,,,,,,,,,,,,,,,BRK_BAN,CON_RIV,BanditsBallpark,,,20260608-BanditsBallpark-1,,,,,,,,,,,,,,,,,,,,,,"Boyd, Marcus",,Right,BRK_BAN,,,,,,,,,,,,,,,,,,,,,,,,,,,,,,,,,,,,,,,,,,,,,,,,,,,,,,,,,,,,,,,,,,,,
,20260608,,3,2,"Brooks, Tyler",,Right,BRK_BAN,"Marsh, Eli",,Left,CON_RIV,,2,Top,1,0,1,Slider,Slider,StrikeSwinging,,,,,,,84.4,,,2545,268.2,,5.78,1.85,6.23,,-0.1,-3.1,2.97,1.18,,-5.7,-0.0,,,,,,,,,,,,,,,,,,,,,,,,BRK_BAN,CON_RIV,BanditsBallpark,,,20260608-BanditsBallpark-1,,,,,,,,,,,,,,,,,,,,,,"Boyd, Marcus",,Right,BRK_BAN,,,,,,,,,,,,,,,,,,,,,,,,,,,,,,,,,,,,,,,,,,,,,,,,,,,,,,,,,,,,,,,,,,,,
,20260608,,3,3,"Brooks, Tyler",,Right,BRK_BAN,"Marsh, Eli",,Left,CON_RIV,,2,Top,1,0,2,Slider,Slider,FoulBallNotFieldable,,,,,,,84.6,,,2497,262.1,,5.7,1.94,6.49,,-0.6,-4.3,2.91,-0.55,,-4.3,-1.0,,,,,,,,,,,,,,,,,,,,,,,,BRK_BAN,CON_RIV,BanditsBallpark,,,20260608-BanditsBallpark-1,,,,,,,,,,,,,,,,,,,,,,"Boyd, Marcus",,Right,BRK_BAN,,,,,,,,,,,,,,,,,,,,,,,,,,,,,,,,,,,,,,,,,,,,,,,,,,,,,,,,,,,,,,,,,,,,
,20260608,,3,4,"Brooks, Tyler",,Right,BRK_BAN,"Marsh, Eli",,Left,CON_RIV,,2,Top,1,0,2,Four-Seam,Four-Seam,FoulBallNotFieldable,,,,,,,92.6,,,2389,23.3,,5.67,1.84,6.44,,17.4,7.5,3.01,0.62,,-6.7,1.2,,,,,,,,,,,,,,,,,,,,,,,,BRK_BAN,CON_RIV,BanditsBallpark,,,20260608-BanditsBallpark-1,,,,,,,,,,,,,,,,,,,,,,"Boyd, Marcus",,Right,BRK_BAN,,,,,,,,,,,,,,,,,,,,,,,,,,,,,,,,,,,,,,,,,,,,,,,,,,,,,,,,,,,,,,,,,,,,
,20260608,,3,5,"Brooks, Tyler",,Right,BRK_BAN,"Marsh, Eli",,Left,CON_RIV,,2,Top,1,0,2,Four-Seam,Four-Seam,InPlay,,LineDrive,Double,,,,92.0,,,2163,25.0,,5.69,1.89,6.06,,18.0,8.4,2.59,-0.32,,-6.2,1.8,,78.9,19.3,3.1,,,,,324.1,324.1,,,,,,,,,,,,,,BRK_BAN,CON_RIV,BanditsBallpark,,,20260608-BanditsBallpark-1,,,,,,,,,,,,,,,,,LineDrive,,,,,"Boyd, Marcus",,Right,BRK_BAN,,,,,,,,,,,,,,,,,,,,,,,,,,,,,,,,,,,,,,,,,,,,,,,,,,,,,,,,,,,,,,,,,,,,
,20260608,,4,1,"Brooks, Tyler",,Right,BRK_BAN,"Delgado, Marcus",,Right,CON_RIV,,2,Top,1,0,0,Slider,Slider,StrikeCalled,,,,,,,84.5,,,2502,298.3,,5.71,1.97,6.13,,3.2,-6.0,2.39,0.75,,-4.9,-1.7,,,,,,,,,,,,,,,,,,,,,,,,BRK_BAN,CON_RIV,BanditsBallpark,,,20260608-BanditsBallpark-1,,,,,,,,,,,,,,,,,,,,,,"Boyd, Marcus",,Right,BRK_BAN,,,,,,,,,,,,,,,,,,,,,,,,,,,,,,,,,,,,,,,,,,,,,,,,,,,,,,,,,,,,,,,,,,,,
,20260608,,4,2,"Brooks, Tyler",,Right,BRK_BAN,"Delgado, Marcus",,Right,CON_RIV,,2,Top,1,0,1,Four-Seam,Four-Seam,InPlay,,FlyBall,Single,,,,93.1,,,2187,25.3,,5.7,1.89,6.28,,16.7,7.9,2.09,0.63,,-6.0,1.0,,73.8,25.3,-32.6,,,,,247.9,247.9,,,,,,,,,,,,,,BRK_BAN,CON_RIV,BanditsBallpark,,,20260608-BanditsBallpark-1,,,,,,,,,,,,,,,,,FlyBall,,,,,"Boyd, Marcus",,Right,BRK_BAN,,,,,,,,,,,,,,,,,,,,,,,,,,,,,,,,,,,,,,,,,,,,,,,,,,,,,,,,,,,,,,,,,,,,
,20260608,,5,1,"Brooks, Tyler",,Right,BRK_BAN,"Dunmore, Chris",,Left,CON_RIV,,2,Top,1,0,0,Four-Seam,Four-Seam,InPlay,,GroundBall,Single,,,,94.7,,,2272,22.9,,5.57,2.01,6.01,,16.4,6.9,2.62,0.14,,-5.9,0.7,,89.2,-5.1,9.8,,,,,168.2,168.2,,,,,,,,,,,,,,BRK_BAN,CON_RIV,BanditsBallpark,,,20260608-BanditsBallpark-1,,,,,,,,,,,,,,,,,GroundBall,,,,,"Boyd, Marcus",,Right,BRK_BAN,,,,,,,,,,,,,,,,,,,,,,,,,,,,,,,,,,,,,,,,,,,,,,,,,,,,,,,,,,,,,,,,,,,,
,20260608,,6,1,"Brooks, Tyler",,Right,BRK_BAN,"Doyle, Hunter",,Right,CON_RIV,,2,Top,1,0,0,Four-Seam,Four-Seam,StrikeCalled,,,,,,,94.4,,,2309,22.1,,5.61,2.06,6.17,,20.3,8.2,2.85,0.27,,-6.7,2.3,,,,,,,,,,,,,,,,,,,,,,,,BRK_BAN,CON_RIV,BanditsBallpark,,,20260608-BanditsBallpark-1,,,,,,,,,,,,,,,,,,,,,,"Boyd, Marcus",,Right,BRK_BAN,,,,,,,,,,,,,,,,,,,,,,,,,,,,,,,,,,,,,,,,,,,,,,,,,,,,,,,,,,,,,,,,,,,,
,20260608,,6,2,"Brooks, Tyler",,Right,BRK_BAN,"Doyle, Hunter",,Right,CON_RIV,,2,Top,1,0,1,Slider,Slider,StrikeCalled,,,,,,,84.0,,,2468,309.6,,5.8,1.83,6.08,,4.3,-5.2,3.27,0.32,,-5.7,-0.9,,,,,,,,,,,,,,,,,,,,,,,,BRK_BAN,CON_RIV,BanditsBallpark,,,20260608-BanditsBallpark-1,,,,,,,,,,,,,,,,,,,,,,"Boyd, Marcus",,Right,BRK_BAN,,,,,,,,,,,,,,,,,,,,,,,,,,,,,,,,,,,,,,,,,,,,,,,,,,,,,,,,,,,,,,,,,,,,
,20260608,,6,3,"Brooks, Tyler",,Right,BRK_BAN,"Doyle, Hunter",,Right,CON_RIV,,2,Top,1,0,2,Four-Seam,Four-Seam,BallCalled,,,,,,,94.2,,,2360,26.3,,5.87,1.94,6.21,,17.7,8.8,1.52,0.94,,-6.8,1.0,,,,,,,,,,,,,,,,,,,,,,,,BRK_BAN,CON_RIV,BanditsBallpark,,,20260608-BanditsBallpark-1,,,,,,,,,,,,,,,,,,,,,,"Boyd, Marcus",,Right,BRK_BAN,,,,,,,,,,,,,,,,,,,,,,,,,,,,,,,,,,,,,,,,,,,,,,,,,,,,,,,,,,,,,,,,,,,,
,20260608,,6,4,"Brooks, Tyler",,Right,BRK_BAN,"Doyle, Hunter",,Right,CON_RIV,,2,Top,1,1,2,Four-Seam,Four-Seam,BallCalled,,,,,,,93.5,,,2301,29.3,,5.96,1.91,6.1,,17.0,9.6,3.96,-0.42,,-6.1,2.0,,,,,,,,,,,,,,,,,,,,,,,,BRK_BAN,CON_RIV,BanditsBallpark,,,20260608-BanditsBallpark-1,,,,,,,,,,,,,,,,,,,,,,"Boyd, Marcus",,Right,BRK_BAN,,,,,,,,,,,,,,,,,,,,,,,,,,,,,,,,,,,,,,,,,,,,,,,,,,,,,,,,,,,,,,,,,,,,
,20260608,,6,5,"Brooks, Tyler",,Right,BRK_BAN,"Doyle, Hunter",,Right,CON_RIV,,2,Top,1,2,2,Slider,Slider,BallCalled,,,,,,,83.4,,,2479,292.1,,5.88,1.99,6.34,,2.5,-6.1,1.75,0.44,,-4.7,-0.4,,,,,,,,,,,,,,,,,,,,,,,,BRK_BAN,CON_RIV,BanditsBallpark,,,20260608-BanditsBallpark-1,,,,,,,,,,,,,,,,,,,,,,"Boyd, Marcus",,Right,BRK_BAN,,,,,,,,,,,,,,,,,,,,,,,,,,,,,,,,,,,,,,,,,,,,,,,,,,,,,,,,,,,,,,,,,,,,
,20260608,,6,6,"Brooks, Tyler",,Right,BRK_BAN,"Doyle, Hunter",,Right,CON_RIV,,2,Top,1,3,2,Four-Seam,Four-Seam,StrikeSwinging,Strikeout,,,,,,91.9,,,2257,19.4,,5.62,1.93,5.95,,16.3,5.7,2.82,0.35,,-5.3,1.7,,,,,,,,,,,,,,,,,,,,,,,,BRK_BAN,CON_RIV,BanditsBallpark,,,20260608-BanditsBallpark-1,,,,,,,,,,,,,,,,,,,,,,"Boyd, Marcus",,Right,BRK_BAN,,,,,,,,,,,,,,,,,,,,,,,,,,,,,,,,,,,,,,,,,,,,,,,,,,,,,,,,,,,,,,,,,,,,
,20260608,,7,1,"Brooks, Tyler",,Right,BRK_BAN,"Sorensen, Blake",,Right,CON_RIV,,2,Top,2,0,0,Four-Seam,Four-Seam,InPlay,,GroundBall,Out,1,,,93.9,,,2147,27.6,,5.9,1.84,6.41,,15.4,8.1,2.29,0.83,,-5.6,1.8,,75.9,-14.4,-25.4,,,,,125.7,125.7,,,,,,,,,,,,,,BRK_BAN,CON_RIV,BanditsBallpark,,,20260608-BanditsBallpark-1,,,,,,,,,,,,,,,,,GroundBall,,,,,"Boyd, Marcus",,Right,BRK_BAN,,,,,,,,,,,,,,,,,,,,,,,,,,,,,,,,,,,,,,,,,,,,,,,,,,,,,,,,,,,,,,,,,,,,
,20260608,,1,1,"Delgado, Marcus",,Right,CON_RIV,"Frost, Adam",,Left,BRK_BAN,,2,Bottom,0,0,0,Curveball,Curveball,BallCalled,,,,,,,77.4,,,2665,192.7,,5.61,1.81,6.14,,-7.1,-1.6,3.78,-0.19,,-4.7,-0.4,,,,,,,,,,,,,,,,,,,,,,,,BRK_BAN,CON_RIV,BanditsBallpark,,,20260608-BanditsBallpark-1,,,,,,,,,,,,,,,,,,,,,,"Doyle, Hunter",,Right,CON_RIV,,,,,,,,,,,,,,,,,,,,,,,,,,,,,,,,,,,,,,,,,,,,,,,,,,,,,,,,,,,,,,,,,,,,
,20260608,,1,2,"Delgado, Marcus",,Right,CON_RIV,"Frost, Adam",,Left,BRK_BAN,,2,Bottom,0,1,0,Four-Seam,Four-Seam,InPlay,,LineDrive,Out,1,,,93.0,,,2266,33.4,,5.65,1.87,6.12,,16.6,11.0,2.75,-0.09,,-5.5,2.0,,82.0,22.6,17.1,,,,,150.8,150.8,,,,,,,,,,,,,,BRK_BAN,CON_RIV,BanditsBallpark,,,20260608-BanditsBallpark-1,,,,,,,,,,,,,,,,,LineDrive,,,,,"Doyle, Hunter",,Right,CON_RIV,,,,,,,,,,,,,,,,,,,,,,,,,,,,,,,,,,,,,,,,,,,,,,,,,,,,,,,,,,,,,,,,,,,,
,20260608,,2,1,"Delgado, Marcus",,Right,CON_RIV,"Boyd, Marcus",,Right,BRK_BAN,,2,Bottom,1,0,0,Four-Seam,Four-Seam,StrikeSwinging,,,,,,,93.8,,,2321,27.0,,5.95,2.03,6.01,,15.6,7.9,2.92,-0.57,,-6.5,0.5,,,,,,,,,,,,,,,,,,,,,,,,BRK_BAN,CON_RIV,BanditsBallpark,,,20260608-BanditsBallpark-1,,,,,,,,,,,,,,,,,,,,,,"Doyle, Hunter",,Right,CON_RIV,,,,,,,,,,,,,,,,,,,,,,,,,,,,,,,,,,,,,,,,,,,,,,,,,,,,,,,,,,,,,,,,,,,,
,20260608,,2,2,"Delgado, Marcus",,Right,CON_RIV,"Boyd, Marcus",,Right,BRK_BAN,,2,Bottom,1,0,1,Curveball,Curveball,StrikeCalled,,,,,,,78.6,,,2546,201.3,,5.97,1.8,5.96,,-9.0,-3.5,2.82,0.31,,-4.3,-1.2,,,,,,,,,,,,,,,,,,,,,,,,BRK_BAN,CON_RIV,BanditsBallpark,,,20260608-BanditsBallpark-1,,,,,,,,,,,,,,,,,,,,,,"Doyle, Hunter",,Right,CON_RIV,,,,,,,,,,,,,,,,,,,,,,,,,,,,,,,,,,,,,,,,,,,,,,,,,,,,,,,,,,,,,,,,,,,,
,20260608,,2,3,"Delgado, Marcus",,Right,CON_RIV,"Boyd, Marcus",,Right,BRK_BAN,,2,Bottom,1,0,2,Four-Seam,Four-Seam,BallCalled,,,,,,,94.2,,,2312,34.0,,5.91,1.86,5.84,,14.0,9.4,4.29,-1.74,,-6.6,0.6,,,,,,,,,,,,,,,,,,,,,,,,BRK_BAN,CON_RIV,BanditsBallpark,,,20260608-BanditsBallpark-1,,,,,,,,,,,,,,,,,,,,,,"Doyle, Hunter",,Right,CON_RIV,,,,,,,,,,,,,,,,,,,,,,,,,,,,,,,,,,,,,,,,,,,,,,,,,,,,,,,,,,,,,,,,,,,,
,20260608,,2,4,"Delgado, Marcus",,Right,CON_RIV,"Boyd, Marcus",,Right,BRK_BAN,,2,Bottom,1,1,2,Four-Seam,Four-Seam,StrikeSwinging,Strikeout,,,,,,93.8,,,2288,26.8,,6.04,1.8,6.0,,17.0,8.6,2.12,-0.3,,-6.5,1.8,,,,,,,,,,,,,,,,,,,,,,,,BRK_BAN,CON_RIV,BanditsBallpark,,,20260608-BanditsBallpark-1,,,,,,,,,,,,,,,,,,,,,,"Doyle, Hunter",,Right,CON_RIV,,,,,,,,,,,,,,,,,,,,,,,,,,,,,,,,,,,,,,,,,,,,,,,,,,,,,,,,,,,,,,,,,,,,
,20260608,,3,1,"Delgado, Marcus",,Right,CON_RIV,"Reyes, Julian",,Right,BRK_BAN,,2,Bottom,2,0,0,Changeup,Changeup,FoulBallNotFieldable,,,,,,,84.9,,,1702,46.4,,5.86,1.64,6.47,,9.6,10.1,1.15,0.79,,-6.7,1.9,,,,,,,,,,,,,,,,,,,,,,,,BRK_BAN,CON_RIV,BanditsBallpark,,,20260608-BanditsBallpark-1,,,,,,,,,,,,,,,,,,,,,,"Doyle, Hunter",,Right,CON_RIV,,,,,,,,,,,,,,,,,,,,,,,,,,,,,,,,,,,,,,,,,,,,,,,,,,,,,,,,,,,,,,,,,,,,
,20260608,,3,2,"Delgado, Marcus",,Right,CON_RIV,"Reyes, Julian",,Right,BRK_BAN,,2,Bottom,2,0,1,Four-Seam,Four-Seam,BallCalled,,,,,,,93.0,,,2250,26.2,,5.72,2.06,6.08,,17.0,8.4,1.64,-1.15,,-6.6,2.1,,,,,,,,,,,,,,,,,,,,,,,,BRK_BAN,CON_RIV,BanditsBallpark,,,20260608-BanditsBallpark-1,,,,,,,,,,,,,,,,,,,,,,"Doyle, Hunter",,Right,CON_RIV,,,,,,,,,,,,,,,,,,,,,,,,,,,,,,,,,,,,,,,,,,,,,,,,,,,,,,,,,,,,,,,,,,,,
,20260608,,3,3,"Delgado, Marcus",,Right,CON_RIV,"Reyes, Julian",,Right,BRK_BAN,,2,Bottom,2,1,1,Four-Seam,Four-Seam,BallCalled,,,,,,,92.7,,,2347,24.5,,5.58,1.84,6.21,,15.8,7.2,3.51,-0.13,,-6.5,1.9,,,,,,,,,,,,,,,,,,,,,,,,BRK_BAN,CON_RIV,BanditsBallpark,,,20260608-BanditsBallpark-1,,,,,,,,,,,,,,,,,,,,,,"Doyle, Hunter",,Right,CON_RIV,,,,,,,,,,,,,,,,,,,,,,,,,,,,,,,,,,,,,,,,,,,,,,,,,,,,,,,,,,,,,,,,,,,,
,20260608,,3,4,"Delgado, Marcus",,Right,CON_RIV,"Reyes, Julian",,Right,BRK_BAN,,2,Bottom,2,2,1,Four-Seam,Four-Seam,StrikeCalled,,,,,,,94.6,,,2235,30.7,,5.91,1.85,6.16,,14.8,8.8,3.31,0.36,,-6.4,1.3,,,,,,,,,,,,,,,,,,,,,,,,BRK_BAN,CON_RIV,BanditsBallpark,,,20260608-BanditsBallpark-1,,,,,,,,,,,,,,,,,,,,,,"Doyle, Hunter",,Right,CON_RIV,,,,,,,,,,,,,,,,,,,,,,,,,,,,,,,,,,,,,,,,,,,,,,,,,,,,,,,,,,,,,,,,,,,,
,20260608,,3,5,"Delgado, Marcus",,Right,CON_RIV,"Reyes, Julian",,Right,BRK_BAN,,2,Bottom,2,2,2,Four-Seam,Four-Seam,StrikeSwinging,Strikeout,,,,,,93.9,,,2326,20.9,,5.89,2.02,6.2,,15.1,5.8,2.37,0.46,,-6.4,2.1,,,,,,,,,,,,,,,,,,,,,,,,BRK_BAN,CON_RIV,BanditsBallpark,,,20260608-BanditsBallpark-1,,,,,,,,,,,,,,,,,,,,,,"Doyle, Hunter",,Right,CON_RIV,,,,,,,,,,,,,,,,,,,,,,,,,,,,,,,,,,,,,,,,,,,,,,,,,,,,,,,,,,,,,,,,,,,,
,20260608,,1,1,"Brooks, Tyler",,Right,BRK_BAN,"Marsh, Eli",,Left,CON_RIV,,3,Top,0,0,0,Four-Seam,Four-Seam,FoulBallNotFieldable,,,,,,,95.1,,,2210,23.3,,5.79,2.09,6.41,,15.7,6.7,2.95,0.07,,-7.3,0.6,,,,,,,,,,,,,,,,,,,,,,,,BRK_BAN,CON_RIV,BanditsBallpark,,,20260608-BanditsBallpark-1,,,,,,,,,,,,,,,,,,,,,,"Boyd, Marcus",,Right,BRK_BAN,,,,,,,,,,,,,,,,,,,,,,,,,,,,,,,,,,,,,,,,,,,,,,,,,,,,,,,,,,,,,,,,,,,,
,20260608,,1,2,"Brooks, Tyler",,Right,BRK_BAN,"Marsh, Eli",,Left,CON_RIV,,3,Top,0,0,1,Slider,Slider,BallCalled,,,,,,,83.4,,,2432,288.9,,5.67,1.92,6.26,,1.8,-5.1,2.48,1.4,,-5.3,-0.7,,,,,,,,,,,,,,,,,,,,,,,,BRK_BAN,CON_RIV,BanditsBallpark,,,20260608-BanditsBallpark-1,,,,,,,,,,,,,,,,,,,,,,"Boyd, Marcus",,Right,BRK_BAN,,,,,,,,,,,,,,,,,,,,,,,,,,,,,,,,,,,,,,,,,,,,,,,,,,,,,,,,,,,,,,,,,,,,
,20260608,,1,3,"Brooks, Tyler",,Right,BRK_BAN,"Marsh, Eli",,Left,CON_RIV,,3,Top,0,1,1,Changeup,Changeup,StrikeCalled,,,,,,,86.6,,,1739,43.5,,5.66,1.73,5.98,,10.8,10.3,2.74,0.43,,-5.9,2.3,,,,,,,,,,,,,,,,,,,,,,,,BRK_BAN,CON_RIV,BanditsBallpark,,,20260608-BanditsBallpark-1,,,,,,,,,,,,,,,,,,,,,,"Boyd, Marcus",,Right,BRK_BAN,,,,,,,,,,,,,,,,,,,,,,,,,,,,,,,,,,,,,,,,,,,,,,,,,,,,,,,,,,,,,,,,,,,,
,20260608,,1,4,"Brooks, Tyler",,Right,BRK_BAN,"Marsh, Eli",,Left,CON_RIV,,3,Top,0,1,2,Four-Seam,Four-Seam,FoulBallNotFieldable,,,,,,,95.0,,,2214,19.0,,5.84,1.79,6.34,,16.1,5.5,2.53,-0.05,,-6.4,1.6,,,,,,,,,,,,,,,,,,,,,,,,BRK_BAN,CON_RIV,BanditsBallpark,,,20260608-BanditsBallpark-1,,,,,,,,,,,,,,,,,,,,,,"Boyd, Marcus",,Right,BRK_BAN,,,,,,,,,,,,,,,,,,,,,,,,,,,,,,,,,,,,,,,,,,,,,,,,,,,,,,,,,,,,,,,,,,,,
,20260608,,1,5,"Brooks, Tyler",,Right,BRK_BAN,"Marsh, Eli",,Left,CON_RIV,,3,Top,0,1,2,Four-Seam,Four-Seam,StrikeCalled,Strikeout,,,,,,94.9,,,2253,15.1,,5.68,1.84,6.41,,17.7,4.8,2.58,0.1,,-6.2,0.6,,,,,,,,,,,,,,,,,,,,,,,,BRK_BAN,CON_RIV,BanditsBallpark,,,20260608-BanditsBallpark-1,,,,,,,,,,,,,,,,,,,,,,"Boyd, Marcus",,Right,BRK_BAN,,,,,,,,,,,,,,,,,,,,,,,,,,,,,,,,,,,,,,,,,,,,,,,,,,,,,,,,,,,,,,,,,,,,
,20260608,,2,1,"Brooks, Tyler",,Right,BRK_BAN,"Delgado, Marcus",,Right,CON_RIV,,3,Top,1,0,0,Four-Seam,Four-Seam,FoulBallNotFieldable,,,,,,,93.8,,,2087,25.9,,5.96,1.86,6.36,,18.5,9.0,2.56,-0.36,,-6.1,1.8,,,,,,,,,,,,,,,,,,,,,,,,BRK_BAN,CON_RIV,BanditsBallpark,,,20260608-BanditsBallpark-1,,,,,,,,,,,,,,,,,,,,,,"Boyd, Marcus",,Right,BRK_BAN,,,,,,,,,,,,,,,,,,,,,,,,,,,,,,,,,,,,,,,,,,,,,,,,,,,,,,,,,,,,,,,,,,,,
,20260608,,2,2,"Brooks, Tyler",,Right,BRK_BAN,"Delgado, Marcus",,Right,CON_RIV,,3,Top,1,0,1,Slider,Slider,BallCalled,,,,,,,84.0,,,2436,298.9,,5.79,1.75,6.13,,2.3,-4.2,1.5,0.3,,-5.5,-1.1,,,,,,,,,,,,,,,,,,,,,,,,BRK_BAN,CON_RIV,BanditsBallpark,,,20260608-BanditsBallpark-1,,,,,,,,,,,,,,,,,,,,,,"Boyd, Marcus",,Right,BRK_BAN,,,,,,,,,,,,,,,,,,,,,,,,,,,,,,,,,,,,,,,,,,,,,,,,,,,,,,,,,,,,,,,,,,,,
,20260608,,2,3,"Brooks, Tyler",,Right,BRK_BAN,"Delgado, Marcus",,Right,CON_RIV,,3,Top,1,1,1,Slider,Slider,StrikeSwinging,,,,,,,84.5,,,2328,276.7,,5.7,2.03,6.19,,0.7,-5.9,2.89,-0.21,,-5.3,-0.8,,,,,,,,,,,,,,,,,,,,,,,,BRK_BAN,CON_RIV,BanditsBallpark,,,20260608-BanditsBallpark-1,,,,,,,,,,,,,,,,,,,,,,"Boyd, Marcus",,Right,BRK_BAN,,,,,,,,,,,,,,,,,,,,,,,,,,,,,,,,,,,,,,,,,,,,,,,,,,,,,,,,,,,,,,,,,,,,
,20260608,,2,4,"Brooks, Tyler",,Right,BRK_BAN,"Delgado, Marcus",,Right,CON_RIV,,3,Top,1,1,2,Four-Seam,Four-Seam,BallCalled,,,,,,,92.2,,,2284,9.9,,5.87,1.85,5.87,,15.0,2.6,3.11,1.85,,-7.1,1.2,,,,,,,,,,,,,,,,,,,,,,,,BRK_BAN,CON_RIV,BanditsBallpark,,,20260608-BanditsBallpark-1,,,,,,,,,,,,,,,,,,,,,,"Boyd, Marcus",,Right,BRK_BAN,,,,,,,,,,,,,,,,,,,,,,,,,,,,,,,,,,,,,,,,,,,,,,,,,,,,,,,,,,,,,,,,,,,,
,20260608,,2,5,"Brooks, Tyler",,Right,BRK_BAN,"Delgado, Marcus",,Right,CON_RIV,,3,Top,1,2,2,Slider,Slider,StrikeCalled,Strikeout,,,,,,83.6,,,2512,309.8,,5.84,2.02,6.24,,2.5,-3.1,2.19,-0.28,,-5.5,-0.3,,,,,,,,,,,,,,,,,,,,,,,,BRK_BAN,CON_RIV,BanditsBallpark,,,20260608-BanditsBallpark-1,,,,,,,,,,,,,,,,,,,,,,"Boyd, Marcus",,Right,BRK_BAN,,,,,,,,,,,,,,,,,,,,,,,,,,,,,,,,,,,,,,,,,,,,,,,,,,,,,,,,,,,,,,,,,,,,
,20260608,,3,1,"Brooks, Tyler",,Right,BRK_BAN,"Dunmore, Chris",,Left,CON_RIV,,3,Top,2,0,0,Four-Seam,Four-Seam,BallCalled,,,,,,,93.3,,,2354,21.0,,5.91,1.9,6.02,,18.0,6.9,2.33,1.16,,-6.9,0.7,,,,,,,,,,,,,,,,,,,,,,,,BRK_BAN,CON_RIV,BanditsBallpark,,,20260608-BanditsBallpark-1,,,,,,,,,,,,,,,,,,,,,,"Boyd, Marcus",,Right,BRK_BAN,,,,,,,,,,,,,,,,,,,,,,,,,,,,,,,,,,,,,,,,,,,,,,,,,,,,,,,,,,,,,,,,,,,,
,20260608,,3,2,"Brooks, Tyler",,Right,BRK_BAN,"Dunmore, Chris",,Left,CON_RIV,,3,Top,2,1,0,Slider,Slider,BallCalled,,,,,,,84.3,,,2393,304.5,,5.88,2.12,6.17,,2.1,-3.1,2.0,0.88,,-4.6,-1.0,,,,,,,,,,,,,,,,,,,,,,,,BRK_BAN,CON_RIV,BanditsBallpark,,,20260608-BanditsBallpark-1,,,,,,,,,,,,,,,,,,,,,,"Boyd, Marcus",,Right,BRK_BAN,,,,,,,,,,,,,,,,,,,,,,,,,,,,,,,,,,,,,,,,,,,,,,,,,,,,,,,,,,,,,,,,,,,,
,20260608,,3,3,"Brooks, Tyler",,Right,BRK_BAN,"Dunmore, Chris",,Left,CON_RIV,,3,Top,2,2,0,Four-Seam,Four-Seam,BallCalled,,,,,,,93.2,,,2384,17.2,,5.77,1.9,6.1,,17.7,5.5,4.06,0.48,,-6.7,0.6,,,,,,,,,,,,,,,,,,,,,,,,BRK_BAN,CON_RIV,BanditsBallpark,,,20260608-BanditsBallpark-1,,,,,,,,,,,,,,,,,,,,,,"Boyd, Marcus",,Right,BRK_BAN,,,,,,,,,,,,,,,,,,,,,,,,,,,,,,,,,,,,,,,,,,,,,,,,,,,,,,,,,,,,,,,,,,,,
,20260608,,3,4,"Brooks, Tyler",,Right,BRK_BAN,"Dunmore, Chris",,Left,CON_RIV,,3,Top,2,3,0,Four-Seam,Four-Seam,BallCalled,Walk,,,,,,91.8,,,2276,20.0,,5.54,1.91,6.22,,18.3,6.7,3.16,0.99,,-6.4,1.0,,,,,,,,,,,,,,,,,,,,,,,,BRK_BAN,CON_RIV,BanditsBallpark,,,20260608-BanditsBallpark-1,,,,,,,,,,,,,,,,,,,,,,"Boyd, Marcus",,Right,BRK_BAN,,,,,,,,,,,,,,,,,,,,,,,,,,,,,,,,,,,,,,,,,,,,,,,,,,,,,,,,,,,,,,,,,,,,
,20260608,,4,1,"Brooks, Tyler",,Right,BRK_BAN,"Doyle, Hunter",,Right,CON_RIV,,3,Top,2,0,0,Four-Seam,Four-Seam,BallCalled,,,,,,,94.3,,,2243,21.2,,5.84,1.72,5.69,,17.2,6.7,2.72,-0.89,,-6.4,1.1,,,,,,,,,,,,,,,,,,,,,,,,BRK_BAN,CON_RIV,BanditsBallpark,,,20260608-BanditsBallpark-1,,,,,,,,,,,,,,,,,,,,,,"Boyd, Marcus",,Right,BRK_BAN,,,,,,,,,,,,,,,,,,,,,,,,,,,,,,,,,,,,,,,,,,,,,,,,,,,,,,,,,,,,,,,,,,,,
,20260608,,4,2,"Brooks, Tyler",,Right,BRK_BAN,"Doyle, Hunter",,Right,CON_RIV,,3,Top,2,1,0,Slider,Slider,BallCalled,,,,,,,85.9,,,2510,259.7,,5.86,2.14,6.7,,-0.8,-4.6,2.52,-0.96,,-4.4,-1.6,,,,,,,,,,,,,,,,,,,,,,,,BRK_BAN,CON_RIV,BanditsBallpark,,,20260608-BanditsBallpark-1,,,,,,,,,,,,,,,,,,,,,,"Boyd, Marcus",,Right,BRK_BAN,,,,,,,,,,,,,,,,,,,,,,,,,,,,,,,,,,,,,,,,,,,,,,,,,,,,,,,,,,,,,,,,,,,,
,20260608,,4,3,"Brooks, Tyler",,Right,BRK_BAN,"Doyle, Hunter",,Right,CON_RIV,,3,Top,2,2,0,Four-Seam,Four-Seam,FoulBallNotFieldable,,,,,,,92.8,,,2359,29.1,,5.78,1.77,5.98,,15.0,8.3,2.75,0.44,,-6.5,0.4,,,,,,,,,,,,,,,,,,,,,,,,BRK_BAN,CON_RIV,BanditsBallpark,,,20260608-BanditsBallpark-1,,,,,,,,,,,,,,,,,,,,,,"Boyd, Marcus",,Right,BRK_BAN,,,,,,,,,,,,,,,,,,,,,,,,,,,,,,,,,,,,,,,,,,,,,,,,,,,,,,,,,,,,,,,,,,,,
,20260608,,4,4,"Brooks, Tyler",,Right,BRK_BAN,"Doyle, Hunter",,Right,CON_RIV,,3,Top,2,2,1,Slider,Slider,StrikeSwinging,,,,,,,85.0,,,2488,295.3,,5.61,1.92,6.46,,2.4,-5.0,2.8,-0.39,,-5.8,-0.6,,,,,,,,,,,,,,,,,,,,,,,,BRK_BAN,CON_RIV,BanditsBallpark,,,20260608-BanditsBallpark-1,,,,,,,,,,,,,,,,,,,,,,"Boyd, Marcus",,Right,BRK_BAN,,,,,,,,,,,,,,,,,,,,,,,,,,,,,,,,,,,,,,,,,,,,,,,,,,,,,,,,,,,,,,,,,,,,
,20260608,,4,5,"Brooks, Tyler",,Right,BRK_BAN,"Doyle, Hunter",,Right,CON_RIV,,3,Top,2,2,2,Slider,Slider,StrikeCalled,Strikeout,,,,,,84.3,,,2468,298.9,,5.63,1.87,6.42,,2.8,-5.1,1.97,-0.44,,-5.2,-0.3,,,,,,,,,,,,,,,,,,,,,,,,BRK_BAN,CON_RIV,BanditsBallpark,,,20260608-BanditsBallpark-1,,,,,,,,,,,,,,,,,,,,,,"Boyd, Marcus",,Right,BRK_BAN,,,,,,,,,,,,,,,,,,,,,,,,,,,,,,,,,,,,,,,,,,,,,,,,,,,,,,,,,,,,,,,,,,,,
,20260608,,1,1,"Delgado, Marcus",,Right,CON_RIV,"Callahan, Derek",,Left,BRK_BAN,,3,Bottom,0,0,0,Four-Seam,Four-Seam,FoulBallNotFieldable,,,,,,,93.6,,,2312,38.9,,5.87,1.87,6.11,,14.2,11.4,2.59,0.72,,-6.1,2.0,,,,,,,,,,,,,,,,,,,,,,,,BRK_BAN,CON_RIV,BanditsBallpark,,,20260608-BanditsBallpark-1,,,,,,,,,,,,,,,,,,,,,,"Doyle, Hunter",,Right,CON_RIV,,,,,,,,,,,,,,,,,,,,,,,,,,,,,,,,,,,,,,,,,,,,,,,,,,,,,,,,,,,,,,,,,,,,
,20260608,,1,2,"Delgado, Marcus",,Right,CON_RIV,"Callahan, Derek",,Left,BRK_BAN,,3,Bottom,0,0,1,Four-Seam,Four-Seam,StrikeSwinging,,,,,,,93.4,,,2309,25.3,,5.79,1.92,6.37,,16.5,7.8,2.44,-1.09,,-6.3,1.7,,,,,,,,,,,,,,,,,,,,,,,,BRK_BAN,CON_RIV,BanditsBallpark,,,20260608-BanditsBallpark-1,,,,,,,,,,,,,,,,,,,,,,"Doyle, Hunter",,Right,CON_RIV,,,,,,,,,,,,,,,,,,,,,,,,,,,,,,,,,,,,,,,,,,,,,,,,,,,,,,,,,,,,,,,,,,,,
,20260608,,1,3,"Delgado, Marcus",,Right,CON_RIV,"Callahan, Derek",,Left,BRK_BAN,,3,Bottom,0,0,2,Four-Seam,Four-Seam,BallCalled,,,,,,,93.8,,,2203,28.6,,5.8,1.96,6.32,,15.5,8.5,1.71,-0.86,,-5.4,1.6,,,,,,,,,,,,,,,,,,,,,,,,BRK_BAN,CON_RIV,BanditsBallpark,,,20260608-BanditsBallpark-1,,,,,,,,,,,,,,,,,,,,,,"Doyle, Hunter",,Right,CON_RIV,,,,,,,,,,,,,,,,,,,,,,,,,,,,,,,,,,,,,,,,,,,,,,,,,,,,,,,,,,,,,,,,,,,,
,20260608,,1,4,"Delgado, Marcus",,Right,CON_RIV,"Callahan, Derek",,Left,BRK_BAN,,3,Bottom,0,1,2,Four-Seam,Four-Seam,BallCalled,,,,,,,94.4,,,2267,26.7,,5.81,1.84,6.12,,15.7,7.9,3.42,0.43,,-5.7,0.5,,,,,,,,,,,,,,,,,,,,,,,,BRK_BAN,CON_RIV,BanditsBallpark,,,20260608-BanditsBallpark-1,,,,,,,,,,,,,,,,,,,,,,"Doyle, Hunter",,Right,CON_RIV,,,,,,,,,,,,,,,,,,,,,,,,,,,,,,,,,,,,,,,,,,,,,,,,,,,,,,,,,,,,,,,,,,,,
,20260608,,1,5,"Delgado, Marcus",,Right,CON_RIV,"Callahan, Derek",,Left,BRK_BAN,,3,Bottom,0,2,2,Changeup,Changeup,InPlay,,GroundBall,Double,,,,84.1,,,1700,59.4,,5.85,1.92,6.08,,6.1,10.4,2.88,0.33,,-4.8,1.6,,93.1,-7.3,28.3,,,,,319.0,319.0,,,,,,,,,,,,,,BRK_BAN,CON_RIV,BanditsBallpark,,,20260608-BanditsBallpark-1,,,,,,,,,,,,,,,,,GroundBall,,,,,"Doyle, Hunter",,Right,CON_RIV,,,,,,,,,,,,,,,,,,,,,,,,,,,,,,,,,,,,,,,,,,,,,,,,,,,,,,,,,,,,,,,,,,,,
,20260608,,2,1,"Delgado, Marcus",,Right,CON_RIV,"Brooks, Tyler",,Right,BRK_BAN,,3,Bottom,0,0,0,Four-Seam,Four-Seam,StrikeSwinging,,,,,,,94.6,,,2302,26.8,,5.65,1.83,6.29,,16.6,8.4,1.73,0.05,,-5.8,0.9,,,,,,,,,,,,,,,,,,,,,,,,BRK_BAN,CON_RIV,BanditsBallpark,,,20260608-BanditsBallpark-1,,,,,,,,,,,,,,,,,,,,,,"Doyle, Hunter",,Right,CON_RIV,,,,,,,,,,,,,,,,,,,,,,,,,,,,,,,,,,,,,,,,,,,,,,,,,,,,,,,,,,,,,,,,,,,,
,20260608,,2,2,"Delgado, Marcus",,Right,CON_RIV,"Brooks, Tyler",,Right,BRK_BAN,,3,Bottom,0,0,1,Four-Seam,Four-Seam,BallCalled,,,,,,,95.9,,,2230,23.6,,5.9,1.71,6.1,,14.8,6.4,2.4,1.33,,-6.5,0.4,,,,,,,,,,,,,,,,,,,,,,,,BRK_BAN,CON_RIV,BanditsBallpark,,,20260608-BanditsBallpark-1,,,,,,,,,,,,,,,,,,,,,,"Doyle, Hunter",,Right,CON_RIV,,,,,,,,,,,,,,,,,,,,,,,,,,,,,,,,,,,,,,,,,,,,,,,,,,,,,,,,,,,,,,,,,,,,
,20260608,,2,3,"Delgado, Marcus",,Right,CON_RIV,"Brooks, Tyler",,Right,BRK_BAN,,3,Bottom,0,1,1,Curveball,Curveball,BallCalled,,,,,,,77.4,,,2573,213.2,,5.83,2.07,6.26,,-5.2,-3.4,1.85,0.96,,-4.5,-0.9,,,,,,,,,,,,,,,,,,,,,,,,BRK_BAN,CON_RIV,BanditsBallpark,,,20260608-BanditsBallpark-1,,,,,,,,,,,,,,,,,,,,,,"Doyle, Hunter",,Right,CON_RIV,,,,,,,,,,,,,,,,,,,,,,,,,,,,,,,,,,,,,,,,,,,,,,,,,,,,,,,,,,,,,,,,,,,,
,20260608,,2,4,"Delgado, Marcus",,Right,CON_RIV,"Brooks, Tyler",,Right,BRK_BAN,,3,Bottom,0,2,1,Changeup,Changeup,FoulBallNotFieldable,,,,,,,86.0,,,1578,57.8,,5.81,1.81,6.26,,8.1,12.8,2.61,0.69,,-5.6,2.1,,,,,,,,,,,,,,,,,,,,,,,,BRK_BAN,CON_RIV,BanditsBallpark,,,20260608-BanditsBallpark-1,,,,,,,,,,,,,,,,,,,,,,"Doyle, Hunter",,Right,CON_RIV,,,,,,,,,,,,,,,,,,,,,,,,,,,,,,,,,,,,,,,,,,,,,,,,,,,,,,,,,,,,,,,,,,,,
,20260608,,2,5,"Delgado, Marcus",,Right,CON_RIV,"Brooks, Tyler",,Right,BRK_BAN,,3,Bottom,0,2,2,Four-Seam,Four-Seam,InPlay,,GroundBall,Single,,,,93.0,,,2280,26.7,,5.74,1.93,6.45,,16.2,8.1,3.0,0.09,,-6.7,1.5,,82.6,-14.5,-8.3,,,,,112.7,112.7,,,,,,,,,,,,,,BRK_BAN,CON_RIV,BanditsBallpark,,,20260608-BanditsBallpark-1,,,,,,,,,,,,,,,,,GroundBall,,,,,"Doyle, Hunter",,Right,CON_RIV,,,,,,,,,,,,,,,,,,,,,,,,,,,,,,,,,,,,,,,,,,,,,,,,,,,,,,,,,,,,,,,,,,,,
,20260608,,3,1,"Delgado, Marcus",,Right,CON_RIV,"Frost, Adam",,Left,BRK_BAN,,3,Bottom,0,0,0,Four-Seam,Four-Seam,StrikeCalled,,,,,,,94.5,,,2364,17.5,,5.75,1.74,5.99,,16.7,5.3,2.64,-0.08,,-5.5,0.3,,,,,,,,,,,,,,,,,,,,,,,,BRK_BAN,CON_RIV,BanditsBallpark,,,20260608-BanditsBallpark-1,,,,,,,,,,,,,,,,,,,,,,"Doyle, Hunter",,Right,CON_RIV,,,,,,,,,,,,,,,,,,,,,,,,,,,,,,,,,,,,,,,,,,,,,,,,,,,,,,,,,,,,,,,,,,,,
,20260608,,3,2,"Delgado, Marcus",,Right,CON_RIV,"Frost, Adam",,Left,BRK_BAN,,3,Bottom,0,0,1,Four-Seam,Four-Seam,BallCalled,,,,,,,93.6,,,2242,26.6,,5.93,1.85,6.13,,15.1,7.6,2.61,1.63,,-6.2,0.8,,,,,,,,,,,,,,,,,,,,,,,,BRK_BAN,CON_RIV,BanditsBallpark,,,20260608-BanditsBallpark-1,,,,,,,,,,,,,,,,,,,,,,"Doyle, Hunter",,Right,CON_RIV,,,,,,,,,,,,,,,,,,,,,,,,,,,,,,,,,,,,,,,,,,,,,,,,,,,,,,,,,,,,,,,,,,,,
,20260608,,3,3,"Delgado, Marcus",,Right,CON_RIV,"Frost, Adam",,Left,BRK_BAN,,3,Bottom,0,1,1,Four-Seam,Four-Seam,StrikeCalled,,,,,,,94.5,,,2300,26.9,,5.57,1.91,6.1,,16.5,8.4,2.13,0.45,,-5.5,1.9,,,,,,,,,,,,,,,,,,,,,,,,BRK_BAN,CON_RIV,BanditsBallpark,,,20260608-BanditsBallpark-1,,,,,,,,,,,,,,,,,,,,,,"Doyle, Hunter",,Right,CON_RIV,,,,,,,,,,,,,,,,,,,,,,,,,,,,,,,,,,,,,,,,,,,,,,,,,,,,,,,,,,,,,,,,,,,,
,20260608,,3,4,"Delgado, Marcus",,Right,CON_RIV,"Frost, Adam",,Left,BRK_BAN,,3,Bottom,0,1,2,Four-Seam,Four-Seam,FoulBallNotFieldable,,,,,,,93.8,,,2280,22.4,,5.96,2.07,5.84,,16.7,6.9,3.02,-0.7,,-6.4,1.4,,,,,,,,,,,,,,,,,,,,,,,,BRK_BAN,CON_RIV,BanditsBallpark,,,20260608-BanditsBallpark-1,,,,,,,,,,,,,,,,,,,,,,"Doyle, Hunter",,Right,CON_RIV,,,,,,,,,,,,,,,,,,,,,,,,,,,,,,,,,,,,,,,,,,,,,,,,,,,,,,,,,,,,,,,,,,,,
,20260608,,3,5,"Delgado, Marcus",,Right,CON_RIV,"Frost, Adam",,Left,BRK_BAN,,3,Bottom,0,1,2,Changeup,Changeup,InPlay,,LineDrive,Double,,,,83.6,,,1797,48.0,,5.74,2.09,6.33,,9.2,10.2,3.0,0.3,,-6.3,0.9,,74.2,18.5,9.6,,,,,289.1,289.1,,,,,,,,,,,,,,BRK_BAN,CON_RIV,BanditsBallpark,,,20260608-BanditsBallpark-1,,,,,,,,,,,,,,,,,LineDrive,,,,,"Doyle, Hunter",,Right,CON_RIV,,,,,,,,,,,,,,,,,,,,,,,,,,,,,,,,,,,,,,,,,,,,,,,,,,,,,,,,,,,,,,,,,,,,
,20260608,,4,1,"Delgado, Marcus",,Right,CON_RIV,"Boyd, Marcus",,Right,BRK_BAN,,3,Bottom,0,0,0,Curveball,Curveball,BallCalled,,,,,,,77.5,,,2642,211.9,,5.79,2.06,6.29,,-5.8,-3.6,0.88,-0.19,,-4.3,-0.6,,,,,,,,,,,,,,,,,,,,,,,,BRK_BAN,CON_RIV,BanditsBallpark,,,20260608-BanditsBallpark-1,,,,,,,,,,,,,,,,,,,,,,"Doyle, Hunter",,Right,CON_RIV,,,,,,,,,,,,,,,,,,,,,,,,,,,,,,,,,,,,,,,,,,,,,,,,,,,,,,,,,,,,,,,,,,,,
,20260608,,4,2,"Delgado, Marcus",,Right,CON_RIV,"Boyd, Marcus",,Right,BRK_BAN,,3,Bottom,0,1,0,Four-Seam,Four-Seam,BallCalled,,,,,,,93.5,,,2248,22.3,,6.23,2.04,6.22,,15.4,6.3,3.08,0.85,,-6.1,1.1,,,,,,,,,,,,,,,,,,,,,,,,BRK_BAN,CON_RIV,BanditsBallpark,,,20260608-BanditsBallpark-1,,,,,,,,,,,,,,,,,,,,,,"Doyle, Hunter",,Right,CON_RIV,,,,,,,,,,,,,,,,,,,,,,,,,,,,,,,,,,,,,,,,,,,,,,,,,,,,,,,,,,,,,,,,,,,,
,20260608,,4,3,"Delgado, Marcus",,Right,CON_RIV,"Boyd, Marcus",,Right,BRK_BAN,,3,Bottom,0,2,0,Four-Seam,Four-Seam,StrikeSwinging,,,,,,,94.9,,,2307,23.9,,5.94,1.88,6.19,,16.2,7.1,1.73,-0.16,,-6.1,1.3,,,,,,,,,,,,,,,,,,,,,,,,BRK_BAN,CON_RIV,BanditsBallpark,,,20260608-BanditsBallpark-1,,,,,,,,,,,,,,,,,,,,,,"Doyle, Hunter",,Right,CON_RIV,,,,,,,,,,,,,,,,,,,,,,,,,,,,,,,,,,,,,,,,,,,,,,,,,,,,,,,,,,,,,,,,,,,,
,20260608,,4,4,"Delgado, Marcus",,Right,CON_RIV,"Boyd, Marcus",,Right,BRK_BAN,,3,Bottom,0,2,1,Four-Seam,Four-Seam,BallCalled,,,,,,,93.7,,,2295,23.5,,5.83,1.89,6.48,,15.3,6.7,2.18,1.6,,-5.4,1.0,,,,,,,,,,,,,,,,,,,,,,,,BRK_BAN,CON_RIV,BanditsBallpark,,,20260608-BanditsBallpark-1,,,,,,,,,,,,,,,,,,,,,,"Doyle, Hunter",,Right,CON_RIV,,,,,,,,,,,,,,,,,,,,,,,,,,,,,,,,,,,,,,,,,,,,,,,,,,,,,,,,,,,,,,,,,,,,
,20260608,,4,5,"Delgado, Marcus",,Right,CON_RIV,"Boyd, Marcus",,Right,BRK_BAN,,3,Bottom,0,3,1,Curveball,Curveball,BallCalled,Walk,,,,,,78.8,,,2628,205.3,,5.94,2.0,5.92,,-8.4,-4.0,2.59,-0.86,,-3.6,-0.7,,,,,,,,,,,,,,,,,,,,,,,,BRK_BAN,CON_RIV,BanditsBallpark,,,20260608-BanditsBallpark-1,,,,,,,,,,,,,,,,,,,,,,"Doyle, Hunter",,Right,CON_RIV,,,,,,,,,,,,,,,,,,,,,,,,,,,,,,,,,,,,,,,,,,,,,,,,,,,,,,,,,,,,,,,,,,,,
,20260608,,5,1,"Delgado, Marcus",,Right,CON_RIV,"Reyes, Julian",,Right,BRK_BAN,,3,Bottom,0,0,0,Four-Seam,Four-Seam,FoulBallNotFieldable,,,,,,,92.3,,,2204,27.9,,5.72,2.04,6.21,,15.5,8.2,1.8,-0.8,,-6.4,1.7,,,,,,,,,,,,,,,,,,,,,,,,BRK_BAN,CON_RIV,BanditsBallpark,,,20260608-BanditsBallpark-1,,,,,,,,,,,,,,,,,,,,,,"Doyle, Hunter",,Right,CON_RIV,,,,,,,,,,,,,,,,,,,,,,,,,,,,,,,,,,,,,,,,,,,,,,,,,,,,,,,,,,,,,,,,,,,,
,20260608,,5,2,"Delgado, Marcus",,Right,CON_RIV,"Reyes, Julian",,Right,BRK_BAN,,3,Bottom,0,0,1,Curveball,Curveball,BallCalled,,,,,,,77.5,,,2584,195.5,,5.99,1.87,6.22,,-8.0,-2.2,2.96,1.0,,-4.3,0.5,,,,,,,,,,,,,,,,,,,,,,,,BRK_BAN,CON_RIV,BanditsBallpark,,,20260608-BanditsBallpark-1,,,,,,,,,,,,,,,,,,,,,,"Doyle, Hunter",,Right,CON_RIV,,,,,,,,,,,,,,,,,,,,,,,,,,,,,,,,,,,,,,,,,,,,,,,,,,,,,,,,,,,,,,,,,,,,
,20260608,,5,3,"Delgado, Marcus",,Right,CON_RIV,"Reyes, Julian",,Right,BRK_BAN,,3,Bottom,0,1,1,Changeup,Changeup,StrikeCalled,,,,,,,84.3,,,1627,54.9,,5.84,2.02,6.23,,7.0,10.0,3.27,-0.33,,-5.8,1.3,,,,,,,,,,,,,,,,,,,,,,,,BRK_BAN,CON_RIV,BanditsBallpark,,,20260608-BanditsBallpark-1,,,,,,,,,,,,,,,,,,,,,,"Doyle, Hunter",,Right,CON_RIV,,,,,,,,,,,,,,,,,,,,,,,,,,,,,,,,,,,,,,,,,,,,,,,,,,,,,,,,,,,,,,,,,,,,
,20260608,,5,4,"Delgado, Marcus",,Right,CON_RIV,"Reyes, Julian",,Right,BRK_BAN,,3,Bottom,0,1,2,Four-Seam,Four-Seam,StrikeCalled,Strikeout,,,,,,93.5,,,2271,25.4,,5.82,1.78,6.11,,14.8,7.0,3.37,0.47,,-6.2,1.8,,,,,,,,,,,,,,,,,,,,,,,,BRK_BAN,CON_RIV,BanditsBallpark,,,20260608-BanditsBallpark-1,,,,,,,,,,,,,,,,,,,,,,"Doyle, Hunter",,Right,CON_RIV,,,,,,,,,,,,,,,,,,,,,,,,,,,,,,,,,,,,,,,,,,,,,,,,,,,,,,,,,,,,,,,,,,,,
,20260608,,6,1,"Delgado, Marcus",,Right,CON_RIV,"Callahan, Derek",,Left,BRK_BAN,,3,Bottom,1,0,0,Four-Seam,Four-Seam,StrikeCalled,,,,,,,94.4,,,2257,35.8,,5.68,1.76,6.31,,13.1,9.5,3.0,0.32,,-5.7,2.5,,,,,,,,,,,,,,,,,,,,,,,,BRK_BAN,CON_RIV,BanditsBallpark,,,20260608-BanditsBallpark-1,,,,,,,,,,,,,,,,,,,,,,"Doyle, Hunter",,Right,CON_RIV,,,,,,,,,,,,,,,,,,,,,,,,,,,,,,,,,,,,,,,,,,,,,,,,,,,,,,,,,,,,,,,,,,,,
,20260608,,6,2,"Delgado, Marcus",,Right,CON_RIV,"Callahan, Derek",,Left,BRK_BAN,,3,Bottom,1,0,1,Curveball,Curveball,BallCalled,,,,,,,79.6,,,2617,197.3,,5.49,1.8,5.78,,-9.0,-2.8,1.58,-0.59,,-4.1,-0.1,,,,,,,,,,,,,,,,,,,,,,,,BRK_BAN,CON_RIV,BanditsBallpark,,,20260608-BanditsBallpark-1,,,,,,,,,,,,,,,,,,,,,,"Doyle, Hunter",,Right,CON_RIV,,,,,,,,,,,,,,,,,,,,,,,,,,,,,,,,,,,,,,,,,,,,,,,,,,,,,,,,,,,,,,,,,,,,
,20260608,,6,3,"Delgado, Marcus",,Right,CON_RIV,"Callahan, Derek",,Left,BRK_BAN,,3,Bottom,1,1,1,Changeup,Changeup,InPlay,,GroundBall,Single,,,,85.2,,,1669,51.4,,5.67,1.67,6.27,,8.3,10.4,2.24,0.02,,-5.6,1.5,,77.9,-1.4,-11.7,,,,,134.3,134.3,,,,,,,,,,,,,,BRK_BAN,CON_RIV,BanditsBallpark,,,20260608-BanditsBallpark-1,,,,,,,,,,,,,,,,,GroundBall,,,,,"Doyle, Hunter",,Right,CON_RIV,,,,,,,,,,,,,,,,,,,,,,,,,,,,,,,,,,,,,,,,,,,,,,,,,,,,,,,,,,,,,,,,,,,,
,20260608,,7,1,"Delgado, Marcus",,Right,CON_RIV,"Brooks, Tyler",,Right,BRK_BAN,,3,Bottom,1,0,0,Four-Seam,Four-Seam,BallCalled,,,,,,,93.5,,,2149,29.2,,5.94,1.79,6.23,,17.5,9.8,1.4,-0.25,,-6.7,1.5,,,,,,,,,,,,,,,,,,,,,,,,BRK_BAN,CON_RIV,BanditsBallpark,,,20260608-BanditsBallpark-1,,,,,,,,,,,,,,,,,,,,,,"Doyle, Hunter",,Right,CON_RIV,,,,,,,,,,,,,,,,,,,,,,,,,,,,,,,,,,,,,,,,,,,,,,,,,,,,,,,,,,,,,,,,,,,,
,20260608,,7,2,"Delgado, Marcus",,Right,CON_RIV,"Brooks, Tyler",,Right,BRK_BAN,,3,Bottom,1,1,0,Changeup,Changeup,InPlay,,LineDrive,Out,1,,,85.1,,,1800,50.8,,5.74,1.93,6.13,,8.5,10.5,2.32,-0.35,,-5.7,2.3,,96.6,20.7,-35.2,,,,,307.7,307.7,,,,,,,,,,,,,,BRK_BAN,CON_RIV,BanditsBallpark,,,20260608-BanditsBallpark-1,,,,,,,,,,,,,,,,,LineDrive,,,,,"Doyle, Hunter",,Right,CON_RIV,,,,,,,,,,,,,,,,,,,,,,,,,,,,,,,,,,,,,,,,,,,,,,,,,,,,,,,,,,,,,,,,,,,,
,20260608,,8,1,"Delgado, Marcus",,Right,CON_RIV,"Frost, Adam",,Left,BRK_BAN,,3,Bottom,2,0,0,Four-Seam,Four-Seam,InPlay,,LineDrive,Out,1,,,95.3,,,2326,21.7,,6.0,2.15,5.78,,16.6,6.6,1.95,-0.33,,-5.8,0.9,,84.4,11.3,15.7,,,,,286.7,286.7,,,,,,,,,,,,,,BRK_BAN,CON_RIV,BanditsBallpark,,,20260608-BanditsBallpark-1,,,,,,,,,,,,,,,,,LineDrive,,,,,"Doyle, Hunter",,Right,CON_RIV,,,,,,,,,,,,,,,,,,,,,,,,,,,,,,,,,,,,,,,,,,,,,,,,,,,,,,,,,,,,,,,,,,,,
,20260608,,1,1,"Brooks, Tyler",,Right,BRK_BAN,"Sorensen, Blake",,Right,CON_RIV,,4,Top,0,0,0,Four-Seam,Four-Seam,BallCalled,,,,,,,95.8,,,2239,21.6,,6.06,1.89,6.28,,17.6,6.9,2.61,-1.25,,-6.6,1.0,,,,,,,,,,,,,,,,,,,,,,,,BRK_BAN,CON_RIV,BanditsBallpark,,,20260608-BanditsBallpark-1,,,,,,,,,,,,,,,,,,,,,,"Boyd, Marcus",,Right,BRK_BAN,,,,,,,,,,,,,,,,,,,,,,,,,,,,,,,,,,,,,,,,,,,,,,,,,,,,,,,,,,,,,,,,,,,,
,20260608,,1,2,"Brooks, Tyler",,Right,BRK_BAN,"Sorensen, Blake",,Right,CON_RIV,,4,Top,0,1,0,Slider,Slider,BallCalled,,,,,,,84.2,,,2534,279.9,,5.89,1.96,6.35,,1.0,-5.8,1.53,-0.65,,-5.3,-1.5,,,,,,,,,,,,,,,,,,,,,,,,BRK_BAN,CON_RIV,BanditsBallpark,,,20260608-BanditsBallpark-1,,,,,,,,,,,,,,,,,,,,,,"Boyd, Marcus",,Right,BRK_BAN,,,,,,,,,,,,,,,,,,,,,,,,,,,,,,,,,,,,,,,,,,,,,,,,,,,,,,,,,,,,,,,,,,,,
,20260608,,1,3,"Brooks, Tyler",,Right,BRK_BAN,"Sorensen, Blake",,Right,CON_RIV,,4,Top,0,2,0,Four-Seam,Four-Seam,BallCalled,,,,,,,94.1,,,2323,26.8,,5.68,2.01,6.53,,16.7,8.4,3.6,-0.23,,-6.3,3.0,,,,,,,,,,,,,,,,,,,,,,,,BRK_BAN,CON_RIV,BanditsBallpark,,,20260608-BanditsBallpark-1,,,,,,,,,,,,,,,,,,,,,,"Boyd, Marcus",,Right,BRK_BAN,,,,,,,,,,,,,,,,,,,,,,,,,,,,,,,,,,,,,,,,,,,,,,,,,,,,,,,,,,,,,,,,,,,,
,20260608,,1,4,"Brooks, Tyler",,Right,BRK_BAN,"Sorensen, Blake",,Right,CON_RIV,,4,Top,0,3,0,Slider,Slider,StrikeSwinging,,,,,,,84.0,,,2411,307.9,,5.68,1.95,6.56,,1.8,-2.4,2.22,0.59,,-5.9,-0.6,,,,,,,,,,,,,,,,,,,,,,,,BRK_BAN,CON_RIV,BanditsBallpark,,,20260608-BanditsBallpark-1,,,,,,,,,,,,,,,,,,,,,,"Boyd, Marcus",,Right,BRK_BAN,,,,,,,,,,,,,,,,,,,,,,,,,,,,,,,,,,,,,,,,,,,,,,,,,,,,,,,,,,,,,,,,,,,,
,20260608,,1,5,"Brooks, Tyler",,Right,BRK_BAN,"Sorensen, Blake",,Right,CON_RIV,,4,Top,0,3,1,Four-Seam,Four-Seam,BallCalled,Walk,,,,,,93.2,,,2248,21.1,,5.91,1.86,6.04,,15.4,6.0,1.99,1.23,,-5.6,0.4,,,,,,,,,,,,,,,,,,,,,,,,BRK_BAN,CON_RIV,BanditsBallpark,,,20260608-BanditsBallpark-1,,,,,,,,,,,,,,,,,,,,,,"Boyd, Marcus",,Right,BRK_BAN,,,,,,,,,,,,,,,,,,,,,,,,,,,,,,,,,,,,,,,,,,,,,,,,,,,,,,,,,,,,,,,,,,,,
,20260608,,2,1,"Brooks, Tyler",,Right,BRK_BAN,"Marsh, Eli",,Left,CON_RIV,,4,Top,0,0,0,Four-Seam,Four-Seam,StrikeSwinging,,,,,,,94.9,,,2223,24.1,,5.72,1.96,6.26,,17.8,7.9,3.19,-0.09,,-5.9,1.6,,,,,,,,,,,,,,,,,,,,,,,,BRK_BAN,CON_RIV,BanditsBallpark,,,20260608-BanditsBallpark-1,,,,,,,,,,,,,,,,,,,,,,"Boyd, Marcus",,Right,BRK_BAN,,,,,,,,,,,,,,,,,,,,,,,,,,,,,,,,,,,,,,,,,,,,,,,,,,,,,,,,,,,,,,,,,,,,
,20260608,,2,2,"Brooks, Tyler",,Right,BRK_BAN,"Marsh, Eli",,Left,CON_RIV,,4,Top,0,0,1,Slider,Slider,BallCalled,,,,,,,82.9,,,2536,269.8,,5.56,1.89,6.22,,-0.0,-5.8,1.39,0.2,,-4.6,-1.4,,,,,,,,,,,,,,,,,,,,,,,,BRK_BAN,CON_RIV,BanditsBallpark,,,20260608-BanditsBallpark-1,,,,,,,,,,,,,,,,,,,,,,"Boyd, Marcus",,Right,BRK_BAN,,,,,,,,,,,,,,,,,,,,,,,,,,,,,,,,,,,,,,,,,,,,,,,,,,,,,,,,,,,,,,,,,,,,
,20260608,,2,3,"Brooks, Tyler",,Right,BRK_BAN,"Marsh, Eli",,Left,CON_RIV,,4,Top,0,1,1,Four-Seam,Four-Seam,StrikeCalled,,,,,,,93.8,,,2330,20.0,,5.98,1.95,6.19,,17.8,6.5,2.6,-0.36,,-7.8,1.3,,,,,,,,,,,,,,,,,,,,,,,,BRK_BAN,CON_RIV,BanditsBallpark,,,20260608-BanditsBallpark-1,,,,,,,,,,,,,,,,,,,,,,"Boyd, Marcus",,Right,BRK_BAN,,,,,,,,,,,,,,,,,,,,,,,,,,,,,,,,,,,,,,,,,,,,,,,,,,,,,,,,,,,,,,,,,,,,
,20260608,,2,4,"Brooks, Tyler",,Right,BRK_BAN,"Marsh, Eli",,Left,CON_RIV,,4,Top,0,1,2,Slider,Slider,StrikeCalled,Strikeout,,,,,,83.1,,,2479,245.2,,5.6,1.87,6.09,,-1.3,-2.8,3.09,-0.36,,-5.1,-1.4,,,,,,,,,,,,,,,,,,,,,,,,BRK_BAN,CON_RIV,BanditsBallpark,,,20260608-BanditsBallpark-1,,,,,,,,,,,,,,,,,,,,,,"Boyd, Marcus",,Right,BRK_BAN,,,,,,,,,,,,,,,,,,,,,,,,,,,,,,,,,,,,,,,,,,,,,,,,,,,,,,,,,,,,,,,,,,,,
,20260608,,3,1,"Brooks, Tyler",,Right,BRK_BAN,"Delgado, Marcus",,Right,CON_RIV,,4,Top,1,0,0,Slider,Slider,BallCalled,,,,,,,83.4,,,2471,323.3,,5.93,1.87,5.9,,1.1,-0.8,1.64,0.79,,-4.9,-0.1,,,,,,,,,,,,,,,,,,,,,,,,BRK_BAN,CON_RIV,BanditsBallpark,,,20260608-BanditsBallpark-1,,,,,,,,,,,,,,,,,,,,,,"Boyd, Marcus",,Right,BRK_BAN,,,,,,,,,,,,,,,,,,,,,,,,,,,,,,,,,,,,,,,,,,,,,,,,,,,,,,,,,,,,,,,,,,,,
,20260608,,3,2,"Brooks, Tyler",,Right,BRK_BAN,"Delgado, Marcus",,Right,CON_RIV,,4,Top,1,1,0,Changeup,Changeup,StrikeSwinging,,,,,,,85.3,,,1793,49.9,,5.94,1.93,6.0,,9.0,10.7,3.03,1.35,,-5.1,1.5,,,,,,,,,,,,,,,,,,,,,,,,BRK_BAN,CON_RIV,BanditsBallpark,,,20260608-BanditsBallpark-1,,,,,,,,,,,,,,,,,,,,,,"Boyd, Marcus",,Right,BRK_BAN,,,,,,,,,,,,,,,,,,,,,,,,,,,,,,,,,,,,,,,,,,,,,,,,,,,,,,,,,,,,,,,,,,,,
,20260608,,3,3,"Brooks, Tyler",,Right,BRK_BAN,"Delgado, Marcus",,Right,CON_RIV,,4,Top,1,1,1,Four-Seam,Four-Seam,FoulBallNotFieldable,,,,,,,93.4,,,2186,22.0,,5.67,1.95,6.04,,16.4,6.6,2.89,-0.07,,-6.3,1.6,,,,,,,,,,,,,,,,,,,,,,,,BRK_BAN,CON_RIV,BanditsBallpark,,,20260608-BanditsBallpark-1,,,,,,,,,,,,,,,,,,,,,,"Boyd, Marcus",,Right,BRK_BAN,,,,,,,,,,,,,,,,,,,,,,,,,,,,,,,,,,,,,,,,,,,,,,,,,,,,,,,,,,,,,,,,,,,,
,20260608,,3,4,"Brooks, Tyler",,Right,BRK_BAN,"Delgado, Marcus",,Right,CON_RIV,,4,Top,1,1,2,Slider,Slider,BallCalled,,,,,,,85.2,,,2430,302.5,,5.95,1.85,6.43,,1.9,-2.9,3.64,-0.22,,-4.9,-1.2,,,,,,,,,,,,,,,,,,,,,,,,BRK_BAN,CON_RIV,BanditsBallpark,,,20260608-BanditsBallpark-1,,,,,,,,,,,,,,,,,,,,,,"Boyd, Marcus",,Right,BRK_BAN,,,,,,,,,,,,,,,,,,,,,,,,,,,,,,,,,,,,,,,,,,,,,,,,,,,,,,,,,,,,,,,,,,,,
,20260608,,3,5,"Brooks, Tyler",,Right,BRK_BAN,"Delgado, Marcus",,Right,CON_RIV,,4,Top,1,2,2,Four-Seam,Four-Seam,StrikeCalled,Strikeout,,,,,,93.1,,,2261,26.7,,5.86,1.94,6.25,,15.2,7.6,2.2,0.36,,-6.4,0.6,,,,,,,,,,,,,,,,,,,,,,,,BRK_BAN,CON_RIV,BanditsBallpark,,,20260608-BanditsBallpark-1,,,,,,,,,,,,,,,,,,,,,,"Boyd, Marcus",,Right,BRK_BAN,,,,,,,,,,,,,,,,,,,,,,,,,,,,,,,,,,,,,,,,,,,,,,,,,,,,,,,,,,,,,,,,,,,,
,20260608,,4,1,"Brooks, Tyler",,Right,BRK_BAN,"Dunmore, Chris",,Left,CON_RIV,,4,Top,2,0,0,Four-Seam,Four-Seam,FoulBallNotFieldable,,,,,,,94.5,,,2210,24.6,,5.75,1.96,5.92,,15.8,7.2,2.87,-0.76,,-5.9,1.7,,,,,,,,,,,,,,,,,,,,,,,,BRK_BAN,CON_RIV,BanditsBallpark,,,20260608-BanditsBallpark-1,,,,,,,,,,,,,,,,,,,,,,"Boyd, Marcus",,Right,BRK_BAN,,,,,,,,,,,,,,,,,,,,,,,,,,,,,,,,,,,,,,,,,,,,,,,,,,,,,,,,,,,,,,,,,,,,
,20260608,,4,2,"Brooks, Tyler",,Right,BRK_BAN,"Dunmore, Chris",,Left,CON_RIV,,4,Top,2,0,1,Four-Seam,Four-Seam,StrikeCalled,,,,,,,93.7,,,2131,20.7,,5.7,1.97,6.05,,18.0,6.8,2.6,-0.05,,-6.6,1.0,,,,,,,,,,,,,,,,,,,,,,,,BRK_BAN,CON_RIV,BanditsBallpark,,,20260608-BanditsBallpark-1,,,,,,,,,,,,,,,,,,,,,,"Boyd, Marcus",,Right,BRK_BAN,,,,,,,,,,,,,,,,,,,,,,,,,,,,,,,,,,,,,,,,,,,,,,,,,,,,,,,,,,,,,,,,,,,,
,20260608,,4,3,"Brooks, Tyler",,Right,BRK_BAN,"Dunmore, Chris",,Left,CON_RIV,,4,Top,2,0,2,Four-Seam,Four-Seam,BallCalled,,,,,,,91.9,,,2257,30.8,,5.77,2.09,6.6,,17.5,10.4,1.73,0.76,,-6.8,2.6,,,,,,,,,,,,,,,,,,,,,,,,BRK_BAN,CON_RIV,BanditsBallpark,,,20260608-BanditsBallpark-1,,,,,,,,,,,,,,,,,,,,,,"Boyd, Marcus",,Right,BRK_BAN,,,,,,,,,,,,,,,,,,,,,,,,,,,,,,,,,,,,,,,,,,,,,,,,,,,,,,,,,,,,,,,,,,,,
,20260608,,4,4,"Brooks, Tyler",,Right,BRK_BAN,"Dunmore, Chris",,Left,CON_RIV,,4,Top,2,1,2,Four-Seam,Four-Seam,FoulBallNotFieldable,,,,,,,94.2,,,2193,25.5,,5.89,1.84,6.06,,17.8,8.5,2.76,-0.29,,-6.5,1.7,,,,,,,,,,,,,,,,,,,,,,,,BRK_BAN,CON_RIV,BanditsBallpark,,,20260608-BanditsBallpark-1,,,,,,,,,,,,,,,,,,,,,,"Boyd, Marcus",,Right,BRK_BAN,,,,,,,,,,,,,,,,,,,,,,,,,,,,,,,,,,,,,,,,,,,,,,,,,,,,,,,,,,,,,,,,,,,,
,20260608,,4,5,"Brooks, Tyler",,Right,BRK_BAN,"Dunmore, Chris",,Left,CON_RIV,,4,Top,2,1,2,Four-Seam,Four-Seam,InPlay,,FlyBall,Out,1,,,92.8,,,2270,19.3,,5.92,1.92,6.06,,16.0,5.6,2.35,-0.13,,-6.2,1.1,,91.7,25.8,31.7,,,,,175.6,175.6,,,,,,,,,,,,,,BRK_BAN,CON_RIV,BanditsBallpark,,,20260608-BanditsBallpark-1,,,,,,,,,,,,,,,,,FlyBall,,,,,"Boyd, Marcus",,Right,BRK_BAN,,,,,,,,,,,,,,,,,,,,,,,,,,,,,,,,,,,,,,,,,,,,,,,,,,,,,,,,,,,,,,,,,,,,
,20260608,,1,1,"Delgado, Marcus",,Right,CON_RIV,"Boyd, Marcus",,Right,BRK_BAN,,4,Bottom,0,0,0,Four-Seam,Four-Seam,InPlay,,LineDrive,Triple,,,,93.7,,,2320,27.3,,5.93,2.11,6.31,,15.1,7.8,1.87,-0.51,,-5.7,0.9,,77.1,24.8,2.5,,,,,367.0,367.0,,,,,,,,,,,,,,BRK_BAN,CON_RIV,BanditsBallpark,,,20260608-BanditsBallpark-1,,,,,,,,,,,,,,,,,LineDrive,,,,,"Doyle, Hunter",,Right,CON_RIV,,,,,,,,,,,,,,,,,,,,,,,,,,,,,,,,,,,,,,,,,,,,,,,,,,,,,,,,,,,,,,,,,,,,
,20260608,,2,1,"Delgado, Marcus",,Right,CON_RIV,"Reyes, Julian",,Right,BRK_BAN,,4,Bottom,0,0,0,Curveball,Curveball,FoulBallNotFieldable,,,,,,,78.3,,,2667,184.9,,5.75,1.92,6.15,,-6.9,-0.6,1.89,0.36,,-4.4,-0.2,,,,,,,,,,,,,,,,,,,,,,,,BRK_BAN,CON_RIV,BanditsBallpark,,,20260608-BanditsBallpark-1,,,,,,,,,,,,,,,,,,,,,,"Doyle, Hunter",,Right,CON_RIV,,,,,,,,,,,,,,,,,,,,,,,,,,,,,,,,,,,,,,,,,,,,,,,,,,,,,,,,,,,,,,,,,,,,
,20260608,,2,2,"Delgado, Marcus",,Right,CON_RIV,"Reyes, Julian",,Right,BRK_BAN,,4,Bottom,0,0,1,Curveball,Curveball,BallCalled,,,,,,,77.3,,,2536,183.6,,5.92,1.87,6.12,,-8.1,-0.5,3.65,-0.72,,-3.9,0.6,,,,,,,,,,,,,,,,,,,,,,,,BRK_BAN,CON_RIV,BanditsBallpark,,,20260608-BanditsBallpark-1,,,,,,,,,,,,,,,,,,,,,,"Doyle, Hunter",,Right,CON_RIV,,,,,,,,,,,,,,,,,,,,,,,,,,,,,,,,,,,,,,,,,,,,,,,,,,,,,,,,,,,,,,,,,,,,
,20260608,,2,3,"Delgado, Marcus",,Right,CON_RIV,"Reyes, Julian",,Right,BRK_BAN,,4,Bottom,0,1,1,Four-Seam,Four-Seam,StrikeCalled,,,,,,,93.8,,,2320,37.3,,5.6,2.0,5.9,,14.0,10.7,2.68,-0.6,,-6.8,2.2,,,,,,,,,,,,,,,,,,,,,,,,BRK_BAN,CON_RIV,BanditsBallpark,,,20260608-BanditsBallpark-1,,,,,,,,,,,,,,,,,,,,,,"Doyle, Hunter",,Right,CON_RIV,,,,,,,,,,,,,,,,,,,,,,,,,,,,,,,,,,,,,,,,,,,,,,,,,,,,,,,,,,,,,,,,,,,,
,20260608,,2,4,"Delgado, Marcus",,Right,CON_RIV,"Reyes, Julian",,Right,BRK_BAN,,4,Bottom,0,1,2,Curveball,Curveball,InPlay,,GroundBall,Single,,,,77.9,,,2606,195.9,,5.84,1.86,6.31,,-11.1,-3.2,3.37,-0.38,,-3.9,-0.5,,95.2,-22.8,-36.0,,,,,82.1,82.1,,,,,,,,,,,,,,BRK_BAN,CON_RIV,BanditsBallpark,,,20260608-BanditsBallpark-1,,,,,,,,,,,,,,,,,GroundBall,,,,,"Doyle, Hunter",,Right,CON_RIV,,,,,,,,,,,,,,,,,,,,,,,,,,,,,,,,,,,,,,,,,,,,,,,,,,,,,,,,,,,,,,,,,,,,
,20260608,,3,1,"Delgado, Marcus",,Right,CON_RIV,"Callahan, Derek",,Left,BRK_BAN,,4,Bottom,0,0,0,Curveball,Curveball,BallCalled,,,,,,,77.6,,,2546,186.8,,5.76,1.94,6.25,,-8.2,-1.0,2.19,-1.24,,-3.8,0.6,,,,,,,,,,,,,,,,,,,,,,,,BRK_BAN,CON_RIV,BanditsBallpark,,,20260608-BanditsBallpark-1,,,,,,,,,,,,,,,,,,,,,,"Doyle, Hunter",,Right,CON_RIV,,,,,,,,,,,,,,,,,,,,,,,,,,,,,,,,,,,,,,,,,,,,,,,,,,,,,,,,,,,,,,,,,,,,
,20260608,,3,2,"Delgado, Marcus",,Right,CON_RIV,"Callahan, Derek",,Left,BRK_BAN,,4,Bottom,0,1,0,Curveball,Curveball,InPlay,,GroundBall,Single,,,,77.7,,,2662,206.0,,5.78,1.79,6.07,,-8.0,-3.9,2.0,1.18,,-4.1,-0.9,,89.9,-1.2,31.6,,,,,149.4,149.4,,,,,,,,,,,,,,BRK_BAN,CON_RIV,BanditsBallpark,,,20260608-BanditsBallpark-1,,,,,,,,,,,,,,,,,GroundBall,,,,,"Doyle, Hunter",,Right,CON_RIV,,,,,,,,,,,,,,,,,,,,,,,,,,,,,,,,,,,,,,,,,,,,,,,,,,,,,,,,,,,,,,,,,,,,
,20260608,,4,1,"Delgado, Marcus",,Right,CON_RIV,"Brooks, Tyler",,Right,BRK_BAN,,4,Bottom,0,0,0,Four-Seam,Four-Seam,InPlay,,LineDrive,Out,1,,,94.3,,,2347,29.6,,6.04,1.87,6.19,,15.2,8.7,3.23,-0.1,,-6.3,1.8,,77.8,18.0,3.3,,,,,280.6,280.6,,,,,,,,,,,,,,BRK_BAN,CON_RIV,BanditsBallpark,,,20260608-BanditsBallpark-1,,,,,,,,,,,,,,,,,LineDrive,,,,,"Doyle, Hunter",,Right,CON_RIV,,,,,,,,,,,,,,,,,,,,,,,,,,,,,,,,,,,,,,,,,,,,,,,,,,,,,,,,,,,,,,,,,,,,
,20260608,,5,1,"Delgado, Marcus",,Right,CON_RIV,"Frost, Adam",,Left,BRK_BAN,,4,Bottom,1,0,0,Curveball,Curveball,BallCalled,,,,,,,76.8,,,2513,192.9,,5.73,1.86,6.32,,-7.1,-1.6,2.58,0.89,,-4.7,0.5,,,,,,,,,,,,,,,,,,,,,,,,BRK_BAN,CON_RIV,BanditsBallpark,,,20260608-BanditsBallpark-1,,,,,,,,,,,,,,,,,,,,,,"Doyle, Hunter",,Right,CON_RIV,,,,,,,,,,,,,,,,,,,,,,,,,,,,,,,,,,,,,,,,,,,,,,,,,,,,,,,,,,,,,,,,,,,,
,20260608,,5,2,"Delgado, Marcus",,Right,CON_RIV,"Frost, Adam",,Left,BRK_BAN,,4,Bottom,1,1,0,Four-Seam,Four-Seam,StrikeSwinging,,,,,,,92.6,,,2266,30.7,,6.01,1.82,6.36,,15.1,9.0,2.32,-0.9,,-6.7,1.5,,,,,,,,,,,,,,,,,,,,,,,,BRK_BAN,CON_RIV,BanditsBallpark,,,20260608-BanditsBallpark-1,,,,,,,,,,,,,,,,,,,,,,"Doyle, Hunter",,Right,CON_RIV,,,,,,,,,,,,,,,,,,,,,,,,,,,,,,,,,,,,,,,,,,,,,,,,,,,,,,,,,,,,,,,,,,,,
,20260608,,5,3,"Delgado, Marcus",,Right,CON_RIV,"Frost, Adam",,Left,BRK_BAN,,4,Bottom,1,1,1,Four-Seam,Four-Seam,FoulBallNotFieldable,,,,,,,94.3,,,2275,34.9,,5.9,1.88,6.53,,14.5,10.1,3.05,0.23,,-5.7,1.6,,,,,,,,,,,,,,,,,,,,,,,,BRK_BAN,CON_RIV,BanditsBallpark,,,20260608-BanditsBallpark-1,,,,,,,,,,,,,,,,,,,,,,"Doyle, Hunter",,Right,CON_RIV,,,,,,,,,,,,,,,,,,,,,,,,,,,,,,,,,,,,,,,,,,,,,,,,,,,,,,,,,,,,,,,,,,,,
,20260608,,5,4,"Delgado, Marcus",,Right,CON_RIV,"Frost, Adam",,Left,BRK_BAN,,4,Bottom,1,1,2,Four-Seam,Four-Seam,FoulBallNotFieldable,,,,,,,93.1,,,2393,20.9,,5.74,2.01,6.59,,17.3,6.6,1.88,0.79,,-6.3,1.1,,,,,,,,,,,,,,,,,,,,,,,,BRK_BAN,CON_RIV,BanditsBallpark,,,20260608-BanditsBallpark-1,,,,,,,,,,,,,,,,,,,,,,"Doyle, Hunter",,Right,CON_RIV,,,,,,,,,,,,,,,,,,,,,,,,,,,,,,,,,,,,,,,,,,,,,,,,,,,,,,,,,,,,,,,,,,,,
,20260608,,5,5,"Delgado, Marcus",,Right,CON_RIV,"Frost, Adam",,Left,BRK_BAN,,4,Bottom,1,1,2,Four-Seam,Four-Seam,StrikeSwinging,Strikeout,,,,,,92.6,,,2230,30.5,,6.05,2.0,5.92,,16.1,9.5,2.59,-0.05,,-6.7,2.3,,,,,,,,,,,,,,,,,,,,,,,,BRK_BAN,CON_RIV,BanditsBallpark,,,20260608-BanditsBallpark-1,,,,,,,,,,,,,,,,,,,,,,"Doyle, Hunter",,Right,CON_RIV,,,,,,,,,,,,,,,,,,,,,,,,,,,,,,,,,,,,,,,,,,,,,,,,,,,,,,,,,,,,,,,,,,,,
,20260608,,6,1,"Delgado, Marcus",,Right,CON_RIV,"Boyd, Marcus",,Right,BRK_BAN,,4,Bottom,2,0,0,Curveball,Curveball,StrikeCalled,,,,,,,78.1,,,2549,195.5,,5.66,1.88,6.03,,-6.5,-1.8,2.6,-0.7,,-4.1,-0.3,,,,,,,,,,,,,,,,,,,,,,,,BRK_BAN,CON_RIV,BanditsBallpark,,,20260608-BanditsBallpark-1,,,,,,,,,,,,,,,,,,,,,,"Doyle, Hunter",,Right,CON_RIV,,,,,,,,,,,,,,,,,,,,,,,,,,,,,,,,,,,,,,,,,,,,,,,,,,,,,,,,,,,,,,,,,,,,
,20260608,,6,2,"Delgado, Marcus",,Right,CON_RIV,"Boyd, Marcus",,Right,BRK_BAN,,4,Bottom,2,0,1,Four-Seam,Four-Seam,StrikeSwinging,,,,,,,94.3,,,2322,28.1,,5.91,1.84,6.44,,14.5,7.7,2.38,-0.87,,-6.5,1.1,,,,,,,,,,,,,,,,,,,,,,,,BRK_BAN,CON_RIV,BanditsBallpark,,,20260608-BanditsBallpark-1,,,,,,,,,,,,,,,,,,,,,,"Doyle, Hunter",,Right,CON_RIV,,,,,,,,,,,,,,,,,,,,,,,,,,,,,,,,,,,,,,,,,,,,,,,,,,,,,,,,,,,,,,,,,,,,
,20260608,,6,3,"Delgado, Marcus",,Right,CON_RIV,"Boyd, Marcus",,Right,BRK_BAN,,4,Bottom,2,0,2,Curveball,Curveball,BallCalled,,,,,,,78.3,,,2568,190.8,,6.12,1.87,6.15,,-6.9,-1.3,1.03,0.68,,-4.0,-1.0,,,,,,,,,,,,,,,,,,,,,,,,BRK_BAN,CON_RIV,BanditsBallpark,,,20260608-BanditsBallpark-1,,,,,,,,,,,,,,,,,,,,,,"Doyle, Hunter",,Right,CON_RIV,,,,,,,,,,,,,,,,,,,,,,,,,,,,,,,,,,,,,,,,,,,,,,,,,,,,,,,,,,,,,,,,,,,,
,20260608,,6,4,"Delgado, Marcus",,Right,CON_RIV,"Boyd, Marcus",,Right,BRK_BAN,,4,Bottom,2,1,2,Changeup,Changeup,BallCalled,,,,,,,85.1,,,1633,50.5,,5.48,1.95,6.41,,8.4,10.2,3.48,-2.1,,-5.5,1.4,,,,,,,,,,,,,,,,,,,,,,,,BRK_BAN,CON_RIV,BanditsBallpark,,,20260608-BanditsBallpark-1,,,,,,,,,,,,,,,,,,,,,,"Doyle, Hunter",,Right,CON_RIV,,,,,,,,,,,,,,,,,,,,,,,,,,,,,,,,,,,,,,,,,,,,,,,,,,,,,,,,,,,,,,,,,,,,
,20260608,,6,5,"Delgado, Marcus",,Right,CON_RIV,"Boyd, Marcus",,Right,BRK_BAN,,4,Bottom,2,2,2,Four-Seam,Four-Seam,InPlay,,LineDrive,Single,,,,94.8,,,2345,22.5,,5.56,1.85,5.91,,15.1,6.3,2.45,-0.81,,-6.2,1.1,,90.0,11.9,27.0,,,,,226.8,226.8,,,,,,,,,,,,,,BRK_BAN,CON_RIV,BanditsBallpark,,,20260608-BanditsBallpark-1,,,,,,,,,,,,,,,,,LineDrive,,,,,"Doyle, Hunter",,Right,CON_RIV,,,,,,,,,,,,,,,,,,,,,,,,,,,,,,,,,,,,,,,,,,,,,,,,,,,,,,,,,,,,,,,,,,,,
,20260608,,7,1,"Delgado, Marcus",,Right,CON_RIV,"Reyes, Julian",,Right,BRK_BAN,,4,Bottom,2,0,0,Four-Seam,Four-Seam,InPlay,,LineDrive,Out,1,,,94.9,,,2256,19.0,,5.45,1.98,5.91,,16.2,5.6,2.55,-0.26,,-6.0,0.6,,84.6,14.1,-1.6,,,,,340,340,,,,,,,,,,,,,,BRK_BAN,CON_RIV,BanditsBallpark,,,20260608-BanditsBallpark-1,,,,,,,,,,,,,,,,,LineDrive,,,,,"Doyle, Hunter",,Right,CON_RIV,,,,,,,,,,,,,,,,,,,,,,,,,,,,,,,,,,,,,,,,,,,,,,,,,,,,,,,,,,,,,,,,,,,,
,20260608,,1,1,"Frost, Adam",,Right,BRK_BAN,"Doyle, Hunter",,Right,CON_RIV,,5,Top,0,0,0,Slider,Slider,InPlay,,LineDrive,Double,,,,81.1,,,2354,332.3,,6.1,1.93,6.6,,3.4,-1.8,1.87,0.23,,-5.7,-0.1,,94.1,23.8,22.4,,,,,305.8,305.8,,,,,,,,,,,,,,BRK_BAN,CON_RIV,BanditsBallpark,,,20260608-BanditsBallpark-1,,,,,,,,,,,,,,,,,LineDrive,,,,,"Boyd, Marcus",,Right,BRK_BAN,,,,,,,,,,,,,,,,,,,,,,,,,,,,,,,,,,,,,,,,,,,,,,,,,,,,,,,,,,,,,,,,,,,,
,20260608,,2,1,"Frost, Adam",,Right,BRK_BAN,"Sorensen, Blake",,Right,CON_RIV,,5,Top,0,0,0,Four-Seam,Four-Seam,BallCalled,,,,,,,91.6,,,2174,22.9,,5.6,1.89,6.0,,12.9,5.5,1.83,2.1,,-6.0,0.3,,,,,,,,,,,,,,,,,,,,,,,,BRK_BAN,CON_RIV,BanditsBallpark,,,20260608-BanditsBallpark-1,,,,,,,,,,,,,,,,,,,,,,"Boyd, Marcus",,Right,BRK_BAN,,,,,,,,,,,,,,,,,,,,,,,,,,,,,,,,,,,,,,,,,,,,,,,,,,,,,,,,,,,,,,,,,,,,
,20260608,,2,2,"Frost, Adam",,Right,BRK_BAN,"Sorensen, Blake",,Right,CON_RIV,,5,Top,0,1,0,Slider,Slider,StrikeCalled,,,,,,,80.5,,,2464,253.1,,5.73,1.88,6.39,,-0.6,-2.1,1.93,-0.09,,-4.4,0.3,,,,,,,,,,,,,,,,,,,,,,,,BRK_BAN,CON_RIV,BanditsBallpark,,,20260608-BanditsBallpark-1,,,,,,,,,,,,,,,,,,,,,,"Boyd, Marcus",,Right,BRK_BAN,,,,,,,,,,,,,,,,,,,,,,,,,,,,,,,,,,,,,,,,,,,,,,,,,,,,,,,,,,,,,,,,,,,,
,20260608,,2,3,"Frost, Adam",,Right,BRK_BAN,"Sorensen, Blake",,Right,CON_RIV,,5,Top,0,1,1,Four-Seam,Four-Seam,InPlay,,FlyBall,Out,1,,,91.6,,,2231,25.7,,5.74,1.8,6.11,,14.2,6.8,1.99,1.3,,-5.7,1.0,,75.5,45.0,-21.7,,,,,117.0,117.0,,,,,,,,,,,,,,BRK_BAN,CON_RIV,BanditsBallpark,,,20260608-BanditsBallpark-1,,,,,,,,,,,,,,,,,FlyBall,,,,,"Boyd, Marcus",,Right,BRK_BAN,,,,,,,,,,,,,,,,,,,,,,,,,,,,,,,,,,,,,,,,,,,,,,,,,,,,,,,,,,,,,,,,,,,,
,20260608,,3,1,"Frost, Adam",,Right,BRK_BAN,"Marsh, Eli",,Left,CON_RIV,,5,Top,1,0,0,Four-Seam,Four-Seam,StrikeSwinging,,,,,,,90.4,,,2192,31.3,,5.64,1.91,5.83,,14.0,8.5,2.42,-1.4,,-6.4,2.1,,,,,,,,,,,,,,,,,,,,,,,,BRK_BAN,CON_RIV,BanditsBallpark,,,20260608-BanditsBallpark-1,,,,,,,,,,,,,,,,,,,,,,"Boyd, Marcus",,Right,BRK_BAN,,,,,,,,,,,,,,,,,,,,,,,,,,,,,,,,,,,,,,,,,,,,,,,,,,,,,,,,,,,,,,,,,,,,
,20260608,,3,2,"Frost, Adam",,Right,BRK_BAN,"Marsh, Eli",,Left,CON_RIV,,5,Top,1,0,1,Slider,Slider,StrikeCalled,,,,,,,81.1,,,2432,301.6,,5.92,1.96,6.1,,2.8,-4.6,2.23,0.07,,-5.7,-1.1,,,,,,,,,,,,,,,,,,,,,,,,BRK_BAN,CON_RIV,BanditsBallpark,,,20260608-BanditsBallpark-1,,,,,,,,,,,,,,,,,,,,,,"Boyd, Marcus",,Right,BRK_BAN,,,,,,,,,,,,,,,,,,,,,,,,,,,,,,,,,,,,,,,,,,,,,,,,,,,,,,,,,,,,,,,,,,,,
,20260608,,3,3,"Frost, Adam",,Right,BRK_BAN,"Marsh, Eli",,Left,CON_RIV,,5,Top,1,0,2,Sinker,Sinker,BallCalled,,,,,,,88.6,,,2081,63.1,,5.97,1.69,6.51,,6.5,12.8,4.06,-1.8,,-5.8,2.4,,,,,,,,,,,,,,,,,,,,,,,,BRK_BAN,CON_RIV,BanditsBallpark,,,20260608-BanditsBallpark-1,,,,,,,,,,,,,,,,,,,,,,"Boyd, Marcus",,Right,BRK_BAN,,,,,,,,,,,,,,,,,,,,,,,,,,,,,,,,,,,,,,,,,,,,,,,,,,,,,,,,,,,,,,,,,,,,
,20260608,,3,4,"Frost, Adam",,Right,BRK_BAN,"Marsh, Eli",,Left,CON_RIV,,5,Top,1,1,2,Four-Seam,Four-Seam,BallCalled,,,,,,,89.3,,,2094,38.4,,5.69,1.87,6.27,,12.1,9.6,1.75,1.38,,-5.6,1.5,,,,,,,,,,,,,,,,,,,,,,,,BRK_BAN,CON_RIV,BanditsBallpark,,,20260608-BanditsBallpark-1,,,,,,,,,,,,,,,,,,,,,,"Boyd, Marcus",,Right,BRK_BAN,,,,,,,,,,,,,,,,,,,,,,,,,,,,,,,,,,,,,,,,,,,,,,,,,,,,,,,,,,,,,,,,,,,,
,20260608,,3,5,"Frost, Adam",,Right,BRK_BAN,"Marsh, Eli",,Left,CON_RIV,,5,Top,1,2,2,Four-Seam,Four-Seam,StrikeSwinging,Strikeout,,,,,,90.2,,,2274,24.2,,5.59,1.89,6.21,,13.3,6.0,2.51,0.18,,-6.2,1.0,,,,,,,,,,,,,,,,,,,,,,,,BRK_BAN,CON_RIV,BanditsBallpark,,,20260608-BanditsBallpark-1,,,,,,,,,,,,,,,,,,,,,,"Boyd, Marcus",,Right,BRK_BAN,,,,,,,,,,,,,,,,,,,,,,,,,,,,,,,,,,,,,,,,,,,,,,,,,,,,,,,,,,,,,,,,,,,,
,20260608,,4,1,"Frost, Adam",,Right,BRK_BAN,"Delgado, Marcus",,Right,CON_RIV,,5,Top,2,0,0,Four-Seam,Four-Seam,BallCalled,,,,,,,90.5,,,2202,34.8,,5.63,1.87,6.06,,12.8,8.9,2.19,0.97,,-5.5,1.3,,,,,,,,,,,,,,,,,,,,,,,,BRK_BAN,CON_RIV,BanditsBallpark,,,20260608-BanditsBallpark-1,,,,,,,,,,,,,,,,,,,,,,"Boyd, Marcus",,Right,BRK_BAN,,,,,,,,,,,,,,,,,,,,,,,,,,,,,,,,,,,,,,,,,,,,,,,,,,,,,,,,,,,,,,,,,,,,
,20260608,,4,2,"Frost, Adam",,Right,BRK_BAN,"Delgado, Marcus",,Right,CON_RIV,,5,Top,2,1,0,Slider,Slider,StrikeCalled,,,,,,,80.4,,,2284,314.0,,5.99,1.81,6.3,,3.9,-4.0,2.49,-0.59,,-5.8,-1.1,,,,,,,,,,,,,,,,,,,,,,,,BRK_BAN,CON_RIV,BanditsBallpark,,,20260608-BanditsBallpark-1,,,,,,,,,,,,,,,,,,,,,,"Boyd, Marcus",,Right,BRK_BAN,,,,,,,,,,,,,,,,,,,,,,,,,,,,,,,,,,,,,,,,,,,,,,,,,,,,,,,,,,,,,,,,,,,,
,20260608,,4,3,"Frost, Adam",,Right,BRK_BAN,"Delgado, Marcus",,Right,CON_RIV,,5,Top,2,1,1,Four-Seam,Four-Seam,InPlay,,LineDrive,Single,,,,89.1,,,2154,30.8,,5.74,1.84,6.19,,14.1,8.4,2.31,0.07,,-5.5,1.0,,100.8,23.8,-10.6,,,,,205.4,205.4,,,,,,,,,,,,,,BRK_BAN,CON_RIV,BanditsBallpark,,,20260608-BanditsBallpark-1,,,,,,,,,,,,,,,,,LineDrive,,,,,"Boyd, Marcus",,Right,BRK_BAN,,,,,,,,,,,,,,,,,,,,,,,,,,,,,,,,,,,,,,,,,,,,,,,,,,,,,,,,,,,,,,,,,,,,
,20260608,,5,1,"Frost, Adam",,Right,BRK_BAN,"Dunmore, Chris",,Left,CON_RIV,,5,Top,2,0,0,Four-Seam,Four-Seam,FoulBallNotFieldable,,,,,,,89.4,,,2086,38.7,,5.65,1.91,6.06,,12.8,10.3,0.74,0.41,,-5.5,1.2,,,,,,,,,,,,,,,,,,,,,,,,BRK_BAN,CON_RIV,BanditsBallpark,,,20260608-BanditsBallpark-1,,,,,,,,,,,,,,,,,,,,,,"Boyd, Marcus",,Right,BRK_BAN,,,,,,,,,,,,,,,,,,,,,,,,,,,,,,,,,,,,,,,,,,,,,,,,,,,,,,,,,,,,,,,,,,,,
,20260608,,5,2,"Frost, Adam",,Right,BRK_BAN,"Dunmore, Chris",,Left,CON_RIV,,5,Top,2,0,1,Slider,Slider,StrikeCalled,,,,,,,81.4,,,2349,287.2,,5.83,1.93,6.16,,1.4,-4.4,2.02,-0.29,,-5.0,-0.8,,,,,,,,,,,,,,,,,,,,,,,,BRK_BAN,CON_RIV,BanditsBallpark,,,20260608-BanditsBallpark-1,,,,,,,,,,,,,,,,,,,,,,"Boyd, Marcus",,Right,BRK_BAN,,,,,,,,,,,,,,,,,,,,,,,,,,,,,,,,,,,,,,,,,,,,,,,,,,,,,,,,,,,,,,,,,,,,
,20260608,,5,3,"Frost, Adam",,Right,BRK_BAN,"Dunmore, Chris",,Left,CON_RIV,,5,Top,2,0,2,Four-Seam,Four-Seam,BallCalled,,,,,,,90.3,,,2120,31.1,,5.78,1.88,5.67,,12.2,7.4,3.33,-0.85,,-5.0,1.2,,,,,,,,,,,,,,,,,,,,,,,,BRK_BAN,CON_RIV,BanditsBallpark,,,20260608-BanditsBallpark-1,,,,,,,,,,,,,,,,,,,,,,"Boyd, Marcus",,Right,BRK_BAN,,,,,,,,,,,,,,,,,,,,,,,,,,,,,,,,,,,,,,,,,,,,,,,,,,,,,,,,,,,,,,,,,,,,
,20260608,,5,4,"Frost, Adam",,Right,BRK_BAN,"Dunmore, Chris",,Left,CON_RIV,,5,Top,2,1,2,Four-Seam,Four-Seam,StrikeSwinging,Strikeout,,,,,,91.1,,,2213,33.3,,5.83,1.89,6.19,,14.6,9.6,1.95,0.88,,-6.8,1.2,,,,,,,,,,,,,,,,,,,,,,,,BRK_BAN,CON_RIV,BanditsBallpark,,,20260608-BanditsBallpark-1,,,,,,,,,,,,,,,,,,,,,,"Boyd, Marcus",,Right,BRK_BAN,,,,,,,,,,,,,,,,,,,,,,,,,,,,,,,,,,,,,,,,,,,,,,,,,,,,,,,,,,,,,,,,,,,,
,20260608,,1,1,"Dunmore, Chris",,Right,CON_RIV,"Callahan, Derek",,Left,BRK_BAN,,5,Bottom,0,0,0,Slider,Slider,StrikeCalled,,,,,,,82.3,,,2219,309.0,,5.92,1.96,6.17,,2.9,-3.6,2.51,-0.42,,-4.8,0.2,,,,,,,,,,,,,,,,,,,,,,,,BRK_BAN,CON_RIV,BanditsBallpark,,,20260608-BanditsBallpark-1,,,,,,,,,,,,,,,,,,,,,,"Doyle, Hunter",,Right,CON_RIV,,,,,,,,,,,,,,,,,,,,,,,,,,,,,,,,,,,,,,,,,,,,,,,,,,,,,,,,,,,,,,,,,,,,
,20260608,,1,2,"Dunmore, Chris",,Right,CON_RIV,"Callahan, Derek",,Left,BRK_BAN,,5,Bottom,0,0,1,Four-Seam,Four-Seam,BallCalled,,,,,,,92.2,,,2271,18.6,,5.89,1.94,6.55,,15.5,5.2,0.84,0.97,,-6.1,1.6,,,,,,,,,,,,,,,,,,,,,,,,BRK_BAN,CON_RIV,BanditsBallpark,,,20260608-BanditsBallpark-1,,,,,,,,,,,,,,,,,,,,,,"Doyle, Hunter",,Right,CON_RIV,,,,,,,,,,,,,,,,,,,,,,,,,,,,,,,,,,,,,,,,,,,,,,,,,,,,,,,,,,,,,,,,,,,,
,20260608,,1,3,"Dunmore, Chris",,Right,CON_RIV,"Callahan, Derek",,Left,BRK_BAN,,5,Bottom,0,1,1,Four-Seam,Four-Seam,StrikeSwinging,,,,,,,93.6,,,2189,25.8,,5.88,1.77,6.11,,14.9,7.2,1.85,-0.93,,-6.3,1.6,,,,,,,,,,,,,,,,,,,,,,,,BRK_BAN,CON_RIV,BanditsBallpark,,,20260608-BanditsBallpark-1,,,,,,,,,,,,,,,,,,,,,,"Doyle, Hunter",,Right,CON_RIV,,,,,,,,,,,,,,,,,,,,,,,,,,,,,,,,,,,,,,,,,,,,,,,,,,,,,,,,,,,,,,,,,,,,
,20260608,,1,4,"Dunmore, Chris",,Right,CON_RIV,"Callahan, Derek",,Left,BRK_BAN,,5,Bottom,0,1,2,Four-Seam,Four-Seam,BallCalled,,,,,,,90.3,,,2119,23.8,,5.93,1.9,5.78,,14.9,6.6,2.42,1.18,,-6.0,0.3,,,,,,,,,,,,,,,,,,,,,,,,BRK_BAN,CON_RIV,BanditsBallpark,,,20260608-BanditsBallpark-1,,,,,,,,,,,,,,,,,,,,,,"Doyle, Hunter",,Right,CON_RIV,,,,,,,,,,,,,,,,,,,,,,,,,,,,,,,,,,,,,,,,,,,,,,,,,,,,,,,,,,,,,,,,,,,,
,20260608,,1,5,"Dunmore, Chris",,Right,CON_RIV,"Callahan, Derek",,Left,BRK_BAN,,5,Bottom,0,2,2,Slider,Slider,BallCalled,,,,,,,83.3,,,2464,294.3,,5.68,2.02,6.04,,2.2,-4.9,1.72,0.02,,-4.3,-0.0,,,,,,,,,,,,,,,,,,,,,,,,BRK_BAN,CON_RIV,BanditsBallpark,,,20260608-BanditsBallpark-1,,,,,,,,,,,,,,,,,,,,,,"Doyle, Hunter",,Right,CON_RIV,,,,,,,,,,,,,,,,,,,,,,,,,,,,,,,,,,,,,,,,,,,,,,,,,,,,,,,,,,,,,,,,,,,,
,20260608,,1,6,"Dunmore, Chris",,Right,CON_RIV,"Callahan, Derek",,Left,BRK_BAN,,5,Bottom,0,3,2,Four-Seam,Four-Seam,StrikeSwinging,Strikeout,,,,,,92.4,,,2253,24.1,,5.78,1.73,6.26,,14.5,6.5,3.58,0.1,,-7.0,2.2,,,,,,,,,,,,,,,,,,,,,,,,BRK_BAN,CON_RIV,BanditsBallpark,,,20260608-BanditsBallpark-1,,,,,,,,,,,,,,,,,,,,,,"Doyle, Hunter",,Right,CON_RIV,,,,,,,,,,,,,,,,,,,,,,,,,,,,,,,,,,,,,,,,,,,,,,,,,,,,,,,,,,,,,,,,,,,,
,20260608,,2,1,"Dunmore, Chris",,Right,CON_RIV,"Brooks, Tyler",,Right,BRK_BAN,,5,Bottom,1,0,0,Four-Seam,Four-Seam,BallCalled,,,,,,,91.9,,,2206,22.3,,5.84,1.76,6.05,,16.0,6.6,1.45,0.32,,-6.0,0.8,,,,,,,,,,,,,,,,,,,,,,,,BRK_BAN,CON_RIV,BanditsBallpark,,,20260608-BanditsBallpark-1,,,,,,,,,,,,,,,,,,,,,,"Doyle, Hunter",,Right,CON_RIV,,,,,,,,,,,,,,,,,,,,,,,,,,,,,,,,,,,,,,,,,,,,,,,,,,,,,,,,,,,,,,,,,,,,
,20260608,,2,2,"Dunmore, Chris",,Right,CON_RIV,"Brooks, Tyler",,Right,BRK_BAN,,5,Bottom,1,1,0,Four-Seam,Four-Seam,InPlay,,LineDrive,Out,1,,,89.9,,,2186,26.7,,5.8,1.92,5.89,,13.7,6.9,2.26,0.19,,-6.4,1.4,,94.9,19.1,-29.9,,,,,249.1,249.1,,,,,,,,,,,,,,BRK_BAN,CON_RIV,BanditsBallpark,,,20260608-BanditsBallpark-1,,,,,,,,,,,,,,,,,LineDrive,,,,,"Doyle, Hunter",,Right,CON_RIV,,,,,,,,,,,,,,,,,,,,,,,,,,,,,,,,,,,,,,,,,,,,,,,,,,,,,,,,,,,,,,,,,,,,
,20260608,,3,1,"Dunmore, Chris",,Right,CON_RIV,"Frost, Adam",,Left,BRK_BAN,,5,Bottom,2,0,0,Four-Seam,Four-Seam,StrikeCalled,,,,,,,91.3,,,2209,28.9,,5.99,1.98,6.16,,13.5,7.5,2.37,0.28,,-6.1,1.2,,,,,,,,,,,,,,,,,,,,,,,,BRK_BAN,CON_RIV,BanditsBallpark,,,20260608-BanditsBallpark-1,,,,,,,,,,,,,,,,,,,,,,"Doyle, Hunter",,Right,CON_RIV,,,,,,,,,,,,,,,,,,,,,,,,,,,,,,,,,,,,,,,,,,,,,,,,,,,,,,,,,,,,,,,,,,,,
,20260608,,3,2,"Dunmore, Chris",,Right,CON_RIV,"Frost, Adam",,Left,BRK_BAN,,5,Bottom,2,0,1,Slider,Slider,FoulBallNotFieldable,,,,,,,83.6,,,2434,306.2,,5.82,1.88,6.31,,2.8,-3.8,2.18,1.05,,-3.9,-1.0,,,,,,,,,,,,,,,,,,,,,,,,BRK_BAN,CON_RIV,BanditsBallpark,,,20260608-BanditsBallpark-1,,,,,,,,,,,,,,,,,,,,,,"Doyle, Hunter",,Right,CON_RIV,,,,,,,,,,,,,,,,,,,,,,,,,,,,,,,,,,,,,,,,,,,,,,,,,,,,,,,,,,,,,,,,,,,,
,20260608,,3,3,"Dunmore, Chris",,Right,CON_RIV,"Frost, Adam",,Left,BRK_BAN,,5,Bottom,2,0,2,Four-Seam,Four-Seam,BallCalled,,,,,,,92.5,,,2221,14.1,,5.92,1.9,5.77,,15.0,3.8,1.88,1.8,,-5.5,0.4,,,,,,,,,,,,,,,,,,,,,,,,BRK_BAN,CON_RIV,BanditsBallpark,,,20260608-BanditsBallpark-1,,,,,,,,,,,,,,,,,,,,,,"Doyle, Hunter",,Right,CON_RIV,,,,,,,,,,,,,,,,,,,,,,,,,,,,,,,,,,,,,,,,,,,,,,,,,,,,,,,,,,,,,,,,,,,,
,20260608,,3,4,"Dunmore, Chris",,Right,CON_RIV,"Frost, Adam",,Left,BRK_BAN,,5,Bottom,2,1,2,Four-Seam,Four-Seam,StrikeSwinging,Strikeout,,,,,,90.6,,,2210,15.7,,5.96,1.71,6.36,,14.6,4.1,4.15,-0.68,,-6.8,0.8,,,,,,,,,,,,,,,,,,,,,,,,BRK_BAN,CON_RIV,BanditsBallpark,,,20260608-BanditsBallpark-1,,,,,,,,,,,,,,,,,,,,,,"Doyle, Hunter",,Right,CON_RIV,,,,,,,,,,,,,,,,,,,,,,,,,,,,,,,,,,,,,,,,,,,,,,,,,,,,,,,,,,,,,,,,,,,,
,20260608,,1,1,"Frost, Adam",,Right,BRK_BAN,"Doyle, Hunter",,Right,CON_RIV,,6,Top,0,0,0,Sinker,Sinker,StrikeSwinging,,,,,,,89.3,,,2156,65.4,,5.79,2.14,6.07,,6.1,13.3,2.37,-0.79,,-5.0,0.8,,,,,,,,,,,,,,,,,,,,,,,,BRK_BAN,CON_RIV,BanditsBallpark,,,20260608-BanditsBallpark-1,,,,,,,,,,,,,,,,,,,,,,"Boyd, Marcus",,Right,BRK_BAN,,,,,,,,,,,,,,,,,,,,,,,,,,,,,,,,,,,,,,,,,,,,,,,,,,,,,,,,,,,,,,,,,,,,
,20260608,,1,2,"Frost, Adam",,Right,BRK_BAN,"Doyle, Hunter",,Right,CON_RIV,,6,Top,0,0,1,Four-Seam,Four-Seam,BallCalled,,,,,,,90.0,,,2140,21.0,,5.75,1.91,6.44,,13.2,5.1,2.19,1.99,,-6.6,0.3,,,,,,,,,,,,,,,,,,,,,,,,BRK_BAN,CON_RIV,BanditsBallpark,,,20260608-BanditsBallpark-1,,,,,,,,,,,,,,,,,,,,,,"Boyd, Marcus",,Right,BRK_BAN,,,,,,,,,,,,,,,,,,,,,,,,,,,,,,,,,,,,,,,,,,,,,,,,,,,,,,,,,,,,,,,,,,,,
,20260608,,1,3,"Frost, Adam",,Right,BRK_BAN,"Doyle, Hunter",,Right,CON_RIV,,6,Top,0,1,1,Sinker,Sinker,FoulBallNotFieldable,,,,,,,88.4,,,2195,65.4,,5.82,1.8,6.09,,6.5,14.1,2.54,-0.08,,-5.1,1.6,,,,,,,,,,,,,,,,,,,,,,,,BRK_BAN,CON_RIV,BanditsBallpark,,,20260608-BanditsBallpark-1,,,,,,,,,,,,,,,,,,,,,,"Boyd, Marcus",,Right,BRK_BAN,,,,,,,,,,,,,,,,,,,,,,,,,,,,,,,,,,,,,,,,,,,,,,,,,,,,,,,,,,,,,,,,,,,,
,20260608,,1,4,"Frost, Adam",,Right,BRK_BAN,"Doyle, Hunter",,Right,CON_RIV,,6,Top,0,1,2,Slider,Slider,BallCalled,,,,,,,79.9,,,2354,276.3,,5.84,1.86,6.21,,0.2,-1.4,1.64,0.12,,-4.6,-1.1,,,,,,,,,,,,,,,,,,,,,,,,BRK_BAN,CON_RIV,BanditsBallpark,,,20260608-BanditsBallpark-1,,,,,,,,,,,,,,,,,,,,,,"Boyd, Marcus",,Right,BRK_BAN,,,,,,,,,,,,,,,,,,,,,,,,,,,,,,,,,,,,,,,,,,,,,,,,,,,,,,,,,,,,,,,,,,,,
,20260608,,1,5,"Frost, Adam",,Right,BRK_BAN,"Doyle, Hunter",,Right,CON_RIV,,6,Top,0,2,2,Four-Seam,Four-Seam,InPlay,,FlyBall,Out,1,,,89.4,,,2211,29.5,,6.07,1.96,6.23,,13.1,7.4,2.8,-2.09,,-6.0,1.2,,73.3,45.5,4.9,,,,,112.3,112.3,,,,,,,,,,,,,,BRK_BAN,CON_RIV,BanditsBallpark,,,20260608-BanditsBallpark-1,,,,,,,,,,,,,,,,,FlyBall,,,,,"Boyd, Marcus",,Right,BRK_BAN,,,,,,,,,,,,,,,,,,,,,,,,,,,,,,,,,,,,,,,,,,,,,,,,,,,,,,,,,,,,,,,,,,,,
,20260608,,2,1,"Frost, Adam",,Right,BRK_BAN,"Sorensen, Blake",,Right,CON_RIV,,6,Top,1,0,0,Slider,Slider,FoulBallNotFieldable,,,,,,,81.1,,,2332,322.6,,5.7,1.91,6.31,,3.1,-2.3,2.42,0.32,,-4.2,-1.3,,,,,,,,,,,,,,,,,,,,,,,,BRK_BAN,CON_RIV,BanditsBallpark,,,20260608-BanditsBallpark-1,,,,,,,,,,,,,,,,,,,,,,"Boyd, Marcus",,Right,BRK_BAN,,,,,,,,,,,,,,,,,,,,,,,,,,,,,,,,,,,,,,,,,,,,,,,,,,,,,,,,,,,,,,,,,,,,
,20260608,,2,2,"Frost, Adam",,Right,BRK_BAN,"Sorensen, Blake",,Right,CON_RIV,,6,Top,1,0,1,Slider,Slider,StrikeCalled,,,,,,,80.4,,,2362,266.8,,5.91,1.95,6.46,,-0.2,-3.5,1.97,-0.78,,-5.5,0.8,,,,,,,,,,,,,,,,,,,,,,,,BRK_BAN,CON_RIV,BanditsBallpark,,,20260608-BanditsBallpark-1,,,,,,,,,,,,,,,,,,,,,,"Boyd, Marcus",,Right,BRK_BAN,,,,,,,,,,,,,,,,,,,,,,,,,,,,,,,,,,,,,,,,,,,,,,,,,,,,,,,,,,,,,,,,,,,,
,20260608,,2,3,"Frost, Adam",,Right,BRK_BAN,"Sorensen, Blake",,Right,CON_RIV,,6,Top,1,0,2,Sinker,Sinker,BallCalled,,,,,,,89.5,,,2103,71.6,,5.8,1.79,6.36,,5.2,15.8,3.49,-0.98,,-5.2,2.6,,,,,,,,,,,,,,,,,,,,,,,,BRK_BAN,CON_RIV,BanditsBallpark,,,20260608-BanditsBallpark-1,,,,,,,,,,,,,,,,,,,,,,"Boyd, Marcus",,Right,BRK_BAN,,,,,,,,,,,,,,,,,,,,,,,,,,,,,,,,,,,,,,,,,,,,,,,,,,,,,,,,,,,,,,,,,,,,
,20260608,,2,4,"Frost, Adam",,Right,BRK_BAN,"Sorensen, Blake",,Right,CON_RIV,,6,Top,1,1,2,Slider,Slider,BallCalled,,,,,,,80.8,,,2474,285.6,,5.64,1.77,5.79,,1.1,-3.8,1.69,-1.01,,-4.8,-0.5,,,,,,,,,,,,,,,,,,,,,,,,BRK_BAN,CON_RIV,BanditsBallpark,,,20260608-BanditsBallpark-1,,,,,,,,,,,,,,,,,,,,,,"Boyd, Marcus",,Right,BRK_BAN,,,,,,,,,,,,,,,,,,,,,,,,,,,,,,,,,,,,,,,,,,,,,,,,,,,,,,,,,,,,,,,,,,,,
,20260608,,2,5,"Frost, Adam",,Right,BRK_BAN,"Sorensen, Blake",,Right,CON_RIV,,6,Top,1,2,2,Four-Seam,Four-Seam,BallCalled,,,,,,,90.4,,,2197,26.9,,5.95,1.8,6.2,,12.9,6.6,1.87,-1.14,,-5.6,1.5,,,,,,,,,,,,,,,,,,,,,,,,BRK_BAN,CON_RIV,BanditsBallpark,,,20260608-BanditsBallpark-1,,,,,,,,,,,,,,,,,,,,,,"Boyd, Marcus",,Right,BRK_BAN,,,,,,,,,,,,,,,,,,,,,,,,,,,,,,,,,,,,,,,,,,,,,,,,,,,,,,,,,,,,,,,,,,,,
,20260608,,2,6,"Frost, Adam",,Right,BRK_BAN,"Sorensen, Blake",,Right,CON_RIV,,6,Top,1,3,2,Slider,Slider,BallCalled,Walk,,,,,,80.4,,,2441,307.4,,5.81,1.91,6.02,,2.1,-2.7,2.47,0.99,,-5.4,-0.5,,,,,,,,,,,,,,,,,,,,,,,,BRK_BAN,CON_RIV,BanditsBallpark,,,20260608-BanditsBallpark-1,,,,,,,,,,,,,,,,,,,,,,"Boyd, Marcus",,Right,BRK_BAN,,,,,,,,,,,,,,,,,,,,,,,,,,,,,,,,,,,,,,,,,,,,,,,,,,,,,,,,,,,,,,,,,,,,
,20260608,,3,1,"Frost, Adam",,Right,BRK_BAN,"Marsh, Eli",,Left,CON_RIV,,6,Top,1,0,0,Slider,Slider,StrikeSwinging,,,,,,,80.2,,,2401,338.8,,5.68,1.89,6.46,,3.3,-1.3,2.31,0.32,,-5.6,-0.1,,,,,,,,,,,,,,,,,,,,,,,,BRK_BAN,CON_RIV,BanditsBallpark,,,20260608-BanditsBallpark-1,,,,,,,,,,,,,,,,,,,,,,"Boyd, Marcus",,Right,BRK_BAN,,,,,,,,,,,,,,,,,,,,,,,,,,,,,,,,,,,,,,,,,,,,,,,,,,,,,,,,,,,,,,,,,,,,
,20260608,,3,2,"Frost, Adam",,Right,BRK_BAN,"Marsh, Eli",,Left,CON_RIV,,6,Top,1,0,1,Four-Seam,Four-Seam,StrikeSwinging,,,,,,,90.1,,,2160,36.5,,5.98,1.93,6.2,,11.0,8.2,2.12,1.58,,-5.8,0.8,,,,,,,,,,,,,,,,,,,,,,,,BRK_BAN,CON_RIV,BanditsBallpark,,,20260608-BanditsBallpark-1,,,,,,,,,,,,,,,,,,,,,,"Boyd, Marcus",,Right,BRK_BAN,,,,,,,,,,,,,,,,,,,,,,,,,,,,,,,,,,,,,,,,,,,,,,,,,,,,,,,,,,,,,,,,,,,,
,20260608,,3,3,"Frost, Adam",,Right,BRK_BAN,"Marsh, Eli",,Left,CON_RIV,,6,Top,1,0,2,Sinker,Sinker,BallCalled,,,,,,,89.2,,,1979,75.0,,6.01,2.02,6.01,,3.6,13.4,3.02,1.59,,-6.0,1.3,,,,,,,,,,,,,,,,,,,,,,,,BRK_BAN,CON_RIV,BanditsBallpark,,,20260608-BanditsBallpark-1,,,,,,,,,,,,,,,,,,,,,,"Boyd, Marcus",,Right,BRK_BAN,,,,,,,,,,,,,,,,,,,,,,,,,,,,,,,,,,,,,,,,,,,,,,,,,,,,,,,,,,,,,,,,,,,,
,20260608,,3,4,"Frost, Adam",,Right,BRK_BAN,"Marsh, Eli",,Left,CON_RIV,,6,Top,1,1,2,Sinker,Sinker,BallCalled,,,,,,,89.7,,,2089,79.0,,5.67,1.77,6.0,,2.7,14.1,3.3,-0.87,,-5.3,1.7,,,,,,,,,,,,,,,,,,,,,,,,BRK_BAN,CON_RIV,BanditsBallpark,,,20260608-BanditsBallpark-1,,,,,,,,,,,,,,,,,,,,,,"Boyd, Marcus",,Right,BRK_BAN,,,,,,,,,,,,,,,,,,,,,,,,,,,,,,,,,,,,,,,,,,,,,,,,,,,,,,,,,,,,,,,,,,,,
,20260608,,3,5,"Frost, Adam",,Right,BRK_BAN,"Marsh, Eli",,Left,CON_RIV,,6,Top,1,2,2,Sinker,Sinker,FoulBallNotFieldable,,,,,,,89.0,,,2155,76.1,,6.03,2.13,5.88,,3.5,14.3,2.38,-0.02,,-5.3,2.8,,,,,,,,,,,,,,,,,,,,,,,,BRK_BAN,CON_RIV,BanditsBallpark,,,20260608-BanditsBallpark-1,,,,,,,,,,,,,,,,,,,,,,"Boyd, Marcus",,Right,BRK_BAN,,,,,,,,,,,,,,,,,,,,,,,,,,,,,,,,,,,,,,,,,,,,,,,,,,,,,,,,,,,,,,,,,,,,
,20260608,,3,6,"Frost, Adam",,Right,BRK_BAN,"Marsh, Eli",,Left,CON_RIV,,6,Top,1,2,2,Slider,Slider,StrikeCalled,Strikeout,,,,,,81.1,,,2305,289.3,,5.99,1.95,6.4,,1.7,-4.7,3.29,-0.1,,-5.4,-0.4,,,,,,,,,,,,,,,,,,,,,,,,BRK_BAN,CON_RIV,BanditsBallpark,,,20260608-BanditsBallpark-1,,,,,,,,,,,,,,,,,,,,,,"Boyd, Marcus",,Right,BRK_BAN,,,,,,,,,,,,,,,,,,,,,,,,,,,,,,,,,,,,,,,,,,,,,,,,,,,,,,,,,,,,,,,,,,,,
,20260608,,4,1,"Frost, Adam",,Right,BRK_BAN,"Delgado, Marcus",,Right,CON_RIV,,6,Top,2,0,0,Sinker,Sinker,StrikeCalled,,,,,,,88.5,,,2110,63.8,,5.93,1.86,6.29,,6.0,12.2,2.46,-0.36,,-4.8,2.4,,,,,,,,,,,,,,,,,,,,,,,,BRK_BAN,CON_RIV,BanditsBallpark,,,20260608-BanditsBallpark-1,,,,,,,,,,,,,,,,,,,,,,"Boyd, Marcus",,Right,BRK_BAN,,,,,,,,,,,,,,,,,,,,,,,,,,,,,,,,,,,,,,,,,,,,,,,,,,,,,,,,,,,,,,,,,,,,
,20260608,,4,2,"Frost, Adam",,Right,BRK_BAN,"Delgado, Marcus",,Right,CON_RIV,,6,Top,2,0,1,Four-Seam,Four-Seam,FoulBallNotFieldable,,,,,,,91.0,,,2120,26.9,,5.6,1.97,6.25,,12.9,6.5,2.24,0.58,,-5.9,0.8,,,,,,,,,,,,,,,,,,,,,,,,BRK_BAN,CON_RIV,BanditsBallpark,,,20260608-BanditsBallpark-1,,,,,,,,,,,,,,,,,,,,,,"Boyd, Marcus",,Right,BRK_BAN,,,,,,,,,,,,,,,,,,,,,,,,,,,,,,,,,,,,,,,,,,,,,,,,,,,,,,,,,,,,,,,,,,,,
,20260608,,4,3,"Frost, Adam",,Right,BRK_BAN,"Delgado, Marcus",,Right,CON_RIV,,6,Top,2,0,2,Slider,Slider,FoulBallNotFieldable,,,,,,,80.3,,,2367,301.4,,5.66,1.71,6.24,,2.2,-3.6,3.01,0.08,,-5.1,-0.3,,,,,,,,,,,,,,,,,,,,,,,,BRK_BAN,CON_RIV,BanditsBallpark,,,20260608-BanditsBallpark-1,,,,,,,,,,,,,,,,,,,,,,"Boyd, Marcus",,Right,BRK_BAN,,,,,,,,,,,,,,,,,,,,,,,,,,,,,,,,,,,,,,,,,,,,,,,,,,,,,,,,,,,,,,,,,,,,
,20260608,,4,4,"Frost, Adam",,Right,BRK_BAN,"Delgado, Marcus",,Right,CON_RIV,,6,Top,2,0,2,Sinker,Sinker,StrikeCalled,Strikeout,,,,,,90.6,,,2156,69.0,,5.95,2.05,5.92,,6.7,17.5,2.86,0.3,,-5.8,2.3,,,,,,,,,,,,,,,,,,,,,,,,BRK_BAN,CON_RIV,BanditsBallpark,,,20260608-BanditsBallpark-1,,,,,,,,,,,,,,,,,,,,,,"Boyd, Marcus",,Right,BRK_BAN,,,,,,,,,,,,,,,,,,,,,,,,,,,,,,,,,,,,,,,,,,,,,,,,,,,,,,,,,,,,,,,,,,,,
,20260608,,1,1,"Dunmore, Chris",,Right,CON_RIV,"Boyd, Marcus",,Right,BRK_BAN,,6,Bottom,0,0,0,Slider,Slider,StrikeCalled,,,,,,,82.7,,,2349,312.5,,6.04,1.9,6.48,,3.4,-3.8,2.13,-0.01,,-4.4,-0.5,,,,,,,,,,,,,,,,,,,,,,,,BRK_BAN,CON_RIV,BanditsBallpark,,,20260608-BanditsBallpark-1,,,,,,,,,,,,,,,,,,,,,,"Doyle, Hunter",,Right,CON_RIV,,,,,,,,,,,,,,,,,,,,,,,,,,,,,,,,,,,,,,,,,,,,,,,,,,,,,,,,,,,,,,,,,,,,
,20260608,,1,2,"Dunmore, Chris",,Right,CON_RIV,"Boyd, Marcus",,Right,BRK_BAN,,6,Bottom,0,0,1,Slider,Slider,BallCalled,,,,,,,82.5,,,2352,297.6,,5.85,1.86,5.64,,2.7,-5.1,2.79,-1.5,,-4.9,-0.3,,,,,,,,,,,,,,,,,,,,,,,,BRK_BAN,CON_RIV,BanditsBallpark,,,20260608-BanditsBallpark-1,,,,,,,,,,,,,,,,,,,,,,"Doyle, Hunter",,Right,CON_RIV,,,,,,,,,,,,,,,,,,,,,,,,,,,,,,,,,,,,,,,,,,,,,,,,,,,,,,,,,,,,,,,,,,,,
,20260608,,1,3,"Dunmore, Chris",,Right,CON_RIV,"Boyd, Marcus",,Right,BRK_BAN,,6,Bottom,0,1,1,Slider,Slider,StrikeCalled,,,,,,,84.4,,,2328,308.8,,5.65,1.88,6.44,,3.9,-4.9,2.49,0.03,,-5.5,-1.7,,,,,,,,,,,,,,,,,,,,,,,,BRK_BAN,CON_RIV,BanditsBallpark,,,20260608-BanditsBallpark-1,,,,,,,,,,,,,,,,,,,,,,"Doyle, Hunter",,Right,CON_RIV,,,,,,,,,,,,,,,,,,,,,,,,,,,,,,,,,,,,,,,,,,,,,,,,,,,,,,,,,,,,,,,,,,,,
,20260608,,1,4,"Dunmore, Chris",,Right,CON_RIV,"Boyd, Marcus",,Right,BRK_BAN,,6,Bottom,0,1,2,Four-Seam,Four-Seam,BallCalled,,,,,,,93.2,,,2158,27.2,,5.6,1.86,6.21,,14.0,7.2,1.35,0.65,,-6.2,0.6,,,,,,,,,,,,,,,,,,,,,,,,BRK_BAN,CON_RIV,BanditsBallpark,,,20260608-BanditsBallpark-1,,,,,,,,,,,,,,,,,,,,,,"Doyle, Hunter",,Right,CON_RIV,,,,,,,,,,,,,,,,,,,,,,,,,,,,,,,,,,,,,,,,,,,,,,,,,,,,,,,,,,,,,,,,,,,,
,20260608,,1,5,"Dunmore, Chris",,Right,CON_RIV,"Boyd, Marcus",,Right,BRK_BAN,,6,Bottom,0,2,2,Slider,Slider,BallCalled,,,,,,,82.4,,,2346,274.2,,5.82,1.8,6.11,,0.3,-4.4,3.69,-0.54,,-5.8,-0.7,,,,,,,,,,,,,,,,,,,,,,,,BRK_BAN,CON_RIV,BanditsBallpark,,,20260608-BanditsBallpark-1,,,,,,,,,,,,,,,,,,,,,,"Doyle, Hunter",,Right,CON_RIV,,,,,,,,,,,,,,,,,,,,,,,,,,,,,,,,,,,,,,,,,,,,,,,,,,,,,,,,,,,,,,,,,,,,
,20260608,,1,6,"Dunmore, Chris",,Right,CON_RIV,"Boyd, Marcus",,Right,BRK_BAN,,6,Bottom,0,3,2,Four-Seam,Four-Seam,BallCalled,Walk,,,,,,92.2,,,2220,23.8,,5.78,2.0,6.04,,12.2,5.4,2.49,0.99,,-5.7,1.5,,,,,,,,,,,,,,,,,,,,,,,,BRK_BAN,CON_RIV,BanditsBallpark,,,20260608-BanditsBallpark-1,,,,,,,,,,,,,,,,,,,,,,"Doyle, Hunter",,Right,CON_RIV,,,,,,,,,,,,,,,,,,,,,,,,,,,,,,,,,,,,,,,,,,,,,,,,,,,,,,,,,,,,,,,,,,,,
,20260608,,2,1,"Dunmore, Chris",,Right,CON_RIV,"Reyes, Julian",,Right,BRK_BAN,,6,Bottom,0,0,0,Four-Seam,Four-Seam,StrikeCalled,,,,,,,92.2,,,2269,28.8,,5.66,1.89,5.98,,15.9,8.7,3.36,0.05,,-5.7,0.9,,,,,,,,,,,,,,,,,,,,,,,,BRK_BAN,CON_RIV,BanditsBallpark,,,20260608-BanditsBallpark-1,,,,,,,,,,,,,,,,,,,,,,"Doyle, Hunter",,Right,CON_RIV,,,,,,,,,,,,,,,,,,,,,,,,,,,,,,,,,,,,,,,,,,,,,,,,,,,,,,,,,,,,,,,,,,,,
,20260608,,2,2,"Dunmore, Chris",,Right,CON_RIV,"Reyes, Julian",,Right,BRK_BAN,,6,Bottom,0,0,1,Slider,Slider,BallCalled,,,,,,,83.3,,,2309,294.2,,5.71,1.85,6.49,,1.6,-3.5,3.5,-0.93,,-4.3,-1.1,,,,,,,,,,,,,,,,,,,,,,,,BRK_BAN,CON_RIV,BanditsBallpark,,,20260608-BanditsBallpark-1,,,,,,,,,,,,,,,,,,,,,,"Doyle, Hunter",,Right,CON_RIV,,,,,,,,,,,,,,,,,,,,,,,,,,,,,,,,,,,,,,,,,,,,,,,,,,,,,,,,,,,,,,,,,,,,
,20260608,,2,3,"Dunmore, Chris",,Right,CON_RIV,"Reyes, Julian",,Right,BRK_BAN,,6,Bottom,0,1,1,Slider,Slider,FoulBallNotFieldable,,,,,,,81.5,,,2310,292.1,,5.91,1.84,6.4,,1.8,-4.4,2.33,-0.05,,-4.6,-1.1,,,,,,,,,,,,,,,,,,,,,,,,BRK_BAN,CON_RIV,BanditsBallpark,,,20260608-BanditsBallpark-1,,,,,,,,,,,,,,,,,,,,,,"Doyle, Hunter",,Right,CON_RIV,,,,,,,,,,,,,,,,,,,,,,,,,,,,,,,,,,,,,,,,,,,,,,,,,,,,,,,,,,,,,,,,,,,,
,20260608,,2,4,"Dunmore, Chris",,Right,CON_RIV,"Reyes, Julian",,Right,BRK_BAN,,6,Bottom,0,1,2,Four-Seam,Four-Seam,BallCalled,,,,,,,93.0,,,2219,22.8,,5.61,1.85,6.07,,11.6,4.9,0.92,0.15,,-5.4,2.2,,,,,,,,,,,,,,,,,,,,,,,,BRK_BAN,CON_RIV,BanditsBallpark,,,20260608-BanditsBallpark-1,,,,,,,,,,,,,,,,,,,,,,"Doyle, Hunter",,Right,CON_RIV,,,,,,,,,,,,,,,,,,,,,,,,,,,,,,,,,,,,,,,,,,,,,,,,,,,,,,,,,,,,,,,,,,,,
,20260608,,2,5,"Dunmore, Chris",,Right,CON_RIV,"Reyes, Julian",,Right,BRK_BAN,,6,Bottom,0,2,2,Four-Seam,Four-Seam,StrikeSwinging,Strikeout,,,,,,91.6,,,2170,34.3,,5.94,1.9,6.09,,14.0,9.5,1.97,-0.18,,-6.5,1.2,,,,,,,,,,,,,,,,,,,,,,,,BRK_BAN,CON_RIV,BanditsBallpark,,,20260608-BanditsBallpark-1,,,,,,,,,,,,,,,,,,,,,,"Doyle, Hunter",,Right,CON_RIV,,,,,,,,,,,,,,,,,,,,,,,,,,,,,,,,,,,,,,,,,,,,,,,,,,,,,,,,,,,,,,,,,,,,
,20260608,,3,1,"Dunmore, Chris",,Right,CON_RIV,"Callahan, Derek",,Left,BRK_BAN,,6,Bottom,1,0,0,Four-Seam,Four-Seam,StrikeSwinging,,,,,,,92.2,,,2242,26.7,,5.64,1.77,6.05,,13.7,6.9,2.09,-1.29,,-6.9,1.1,,,,,,,,,,,,,,,,,,,,,,,,BRK_BAN,CON_RIV,BanditsBallpark,,,20260608-BanditsBallpark-1,,,,,,,,,,,,,,,,,,,,,,"Doyle, Hunter",,Right,CON_RIV,,,,,,,,,,,,,,,,,,,,,,,,,,,,,,,,,,,,,,,,,,,,,,,,,,,,,,,,,,,,,,,,,,,,
,20260608,,3,2,"Dunmore, Chris",,Right,CON_RIV,"Callahan, Derek",,Left,BRK_BAN,,6,Bottom,1,0,1,Four-Seam,Four-Seam,FoulBallNotFieldable,,,,,,,93.3,,,2205,36.3,,5.63,1.97,6.25,,11.6,8.6,2.88,-0.36,,-5.4,1.0,,,,,,,,,,,,,,,,,,,,,,,,BRK_BAN,CON_RIV,BanditsBallpark,,,20260608-BanditsBallpark-1,,,,,,,,,,,,,,,,,,,,,,"Doyle, Hunter",,Right,CON_RIV,,,,,,,,,,,,,,,,,,,,,,,,,,,,,,,,,,,,,,,,,,,,,,,,,,,,,,,,,,,,,,,,,,,,
,20260608,,3,3,"Dunmore, Chris",,Right,CON_RIV,"Callahan, Derek",,Left,BRK_BAN,,6,Bottom,1,0,2,Four-Seam,Four-Seam,StrikeSwinging,Strikeout,,,,,,92.7,,,2140,16.9,,5.95,1.81,6.44,,13.1,4.0,2.69,0.14,,-6.3,0.9,,,,,,,,,,,,,,,,,,,,,,,,BRK_BAN,CON_RIV,BanditsBallpark,,,20260608-BanditsBallpark-1,,,,,,,,,,,,,,,,,,,,,,"Doyle, Hunter",,Right,CON_RIV,,,,,,,,,,,,,,,,,,,,,,,,,,,,,,,,,,,,,,,,,,,,,,,,,,,,,,,,,,,,,,,,,,,,
,20260608,,4,1,"Dunmore, Chris",,Right,CON_RIV,"Brooks, Tyler",,Right,BRK_BAN,,6,Bottom,2,0,0,Four-Seam,Four-Seam,BallCalled,,,,,,,91.8,,,2167,25.5,,5.76,1.92,6.36,,15.8,7.6,3.48,0.3,,-5.2,1.7,,,,,,,,,,,,,,,,,,,,,,,,BRK_BAN,CON_RIV,BanditsBallpark,,,20260608-BanditsBallpark-1,,,,,,,,,,,,,,,,,,,,,,"Doyle, Hunter",,Right,CON_RIV,,,,,,,,,,,,,,,,,,,,,,,,,,,,,,,,,,,,,,,,,,,,,,,,,,,,,,,,,,,,,,,,,,,,
,20260608,,4,2,"Dunmore, Chris",,Right,CON_RIV,"Brooks, Tyler",,Right,BRK_BAN,,6,Bottom,2,1,0,Four-Seam,Four-Seam,FoulBallNotFieldable,,,,,,,92.0,,,2226,23.0,,5.69,1.77,6.37,,12.0,5.1,2.37,0.56,,-6.0,0.3,,,,,,,,,,,,,,,,,,,,,,,,BRK_BAN,CON_RIV,BanditsBallpark,,,20260608-BanditsBallpark-1,,,,,,,,,,,,,,,,,,,,,,"Doyle, Hunter",,Right,CON_RIV,,,,,,,,,,,,,,,,,,,,,,,,,,,,,,,,,,,,,,,,,,,,,,,,,,,,,,,,,,,,,,,,,,,,
,20260608,,4,3,"Dunmore, Chris",,Right,CON_RIV,"Brooks, Tyler",,Right,BRK_BAN,,6,Bottom,2,1,1,Four-Seam,Four-Seam,FoulBallNotFieldable,,,,,,,90.6,,,2151,23.5,,5.93,1.98,6.31,,14.2,6.2,2.31,0.83,,-6.5,1.1,,,,,,,,,,,,,,,,,,,,,,,,BRK_BAN,CON_RIV,BanditsBallpark,,,20260608-BanditsBallpark-1,,,,,,,,,,,,,,,,,,,,,,"Doyle, Hunter",,Right,CON_RIV,,,,,,,,,,,,,,,,,,,,,,,,,,,,,,,,,,,,,,,,,,,,,,,,,,,,,,,,,,,,,,,,,,,,
,20260608,,4,4,"Dunmore, Chris",,Right,CON_RIV,"Brooks, Tyler",,Right,BRK_BAN,,6,Bottom,2,1,2,Slider,Slider,StrikeCalled,Strikeout,,,,,,83.1,,,2420,288.7,,5.96,1.94,6.17,,1.0,-2.9,2.82,-0.41,,-5.7,-0.9,,,,,,,,,,,,,,,,,,,,,,,,BRK_BAN,CON_RIV,BanditsBallpark,,,20260608-BanditsBallpark-1,,,,,,,,,,,,,,,,,,,,,,"Doyle, Hunter",,Right,CON_RIV,,,,,,,,,,,,,,,,,,,,,,,,,,,,,,,,,,,,,,,,,,,,,,,,,,,,,,,,,,,,,,,,,,,,
,20260608,,1,1,"Frost, Adam",,Right,BRK_BAN,"Dunmore, Chris",,Left,CON_RIV,,7,Top,0,0,0,Sinker,Sinker,StrikeSwinging,,,,,,,91.0,,,2090,68.8,,5.94,1.83,6.13,,5.3,13.6,3.99,0.99,,-5.7,1.9,,,,,,,,,,,,,,,,,,,,,,,,BRK_BAN,CON_RIV,BanditsBallpark,,,20260608-BanditsBallpark-1,,,,,,,,,,,,,,,,,,,,,,"Boyd, Marcus",,Right,BRK_BAN,,,,,,,,,,,,,,,,,,,,,,,,,,,,,,,,,,,,,,,,,,,,,,,,,,,,,,,,,,,,,,,,,,,,
,20260608,,1,2,"Frost, Adam",,Right,BRK_BAN,"Dunmore, Chris",,Left,CON_RIV,,7,Top,0,0,1,Slider,Slider,InPlay,,FlyBall,Out,1,,,81.5,,,2495,313.0,,5.71,1.9,5.98,,0.9,-1.0,2.46,0.36,,-5.4,0.4,,99.5,31.0,33.2,,,,,294.6,294.6,,,,,,,,,,,,,,BRK_BAN,CON_RIV,BanditsBallpark,,,20260608-BanditsBallpark-1,,,,,,,,,,,,,,,,,FlyBall,,,,,"Boyd, Marcus",,Right,BRK_BAN,,,,,,,,,,,,,,,,,,,,,,,,,,,,,,,,,,,,,,,,,,,,,,,,,,,,,,,,,,,,,,,,,,,,
,20260608,,2,1,"Frost, Adam",,Right,BRK_BAN,"Doyle, Hunter",,Right,CON_RIV,,7,Top,1,0,0,Four-Seam,Four-Seam,InPlay,,GroundBall,Out,1,,,91.1,,,2252,30.2,,5.87,1.93,6.12,,14.8,8.6,2.72,-0.18,,-6.0,1.1,,97.9,7.9,21.0,,,,,78.3,78.3,,,,,,,,,,,,,,BRK_BAN,CON_RIV,BanditsBallpark,,,20260608-BanditsBallpark-1,,,,,,,,,,,,,,,,,GroundBall,,,,,"Boyd, Marcus",,Right,BRK_BAN,,,,,,,,,,,,,,,,,,,,,,,,,,,,,,,,,,,,,,,,,,,,,,,,,,,,,,,,,,,,,,,,,,,,
,20260608,,3,1,"Frost, Adam",,Right,BRK_BAN,"Sorensen, Blake",,Right,CON_RIV,,7,Top,2,0,0,Slider,Slider,BallCalled,,,,,,,80.9,,,2352,307.1,,5.66,1.9,6.18,,3.0,-4.0,1.24,0.87,,-4.8,-1.7,,,,,,,,,,,,,,,,,,,,,,,,BRK_BAN,CON_RIV,BanditsBallpark,,,20260608-BanditsBallpark-1,,,,,,,,,,,,,,,,,,,,,,"Boyd, Marcus",,Right,BRK_BAN,,,,,,,,,,,,,,,,,,,,,,,,,,,,,,,,,,,,,,,,,,,,,,,,,,,,,,,,,,,,,,,,,,,,
,20260608,,3,2,"Frost, Adam",,Right,BRK_BAN,"Sorensen, Blake",,Right,CON_RIV,,7,Top,2,1,0,Four-Seam,Four-Seam,InPlay,,FlyBall,Single,,,,91.0,,,2141,40.6,,5.92,1.77,6.75,,8.9,7.6,1.86,-0.44,,-6.5,0.5,,77.3,32.1,-0.3,,,,,243.2,243.2,,,,,,,,,,,,,,BRK_BAN,CON_RIV,BanditsBallpark,,,20260608-BanditsBallpark-1,,,,,,,,,,,,,,,,,FlyBall,,,,,"Boyd, Marcus",,Right,BRK_BAN,,,,,,,,,,,,,,,,,,,,,,,,,,,,,,,,,,,,,,,,,,,,,,,,,,,,,,,,,,,,,,,,,,,,
,20260608,,4,1,"Frost, Adam",,Right,BRK_BAN,"Marsh, Eli",,Left,CON_RIV,,7,Top,2,0,0,Sinker,Sinker,StrikeSwinging,,,,,,,91.3,,,2103,65.9,,5.86,1.74,6.16,,6.6,14.7,3.52,-0.22,,-5.6,2.6,,,,,,,,,,,,,,,,,,,,,,,,BRK_BAN,CON_RIV,BanditsBallpark,,,20260608-BanditsBallpark-1,,,,,,,,,,,,,,,,,,,,,,"Boyd, Marcus",,Right,BRK_BAN,,,,,,,,,,,,,,,,,,,,,,,,,,,,,,,,,,,,,,,,,,,,,,,,,,,,,,,,,,,,,,,,,,,,
,20260608,,4,2,"Frost, Adam",,Right,BRK_BAN,"Marsh, Eli",,Left,CON_RIV,,7,Top,2,0,1,Sinker,Sinker,StrikeCalled,,,,,,,90.2,,,2115,70.9,,5.63,2.03,6.33,,4.5,13.0,2.43,0.46,,-5.5,2.9,,,,,,,,,,,,,,,,,,,,,,,,BRK_BAN,CON_RIV,BanditsBallpark,,,20260608-BanditsBallpark-1,,,,,,,,,,,,,,,,,,,,,,"Boyd, Marcus",,Right,BRK_BAN,,,,,,,,,,,,,,,,,,,,,,,,,,,,,,,,,,,,,,,,,,,,,,,,,,,,,,,,,,,,,,,,,,,,
,20260608,,4,3,"Frost, Adam",,Right,BRK_BAN,"Marsh, Eli",,Left,CON_RIV,,7,Top,2,0,2,Sinker,Sinker,BallCalled,,,,,,,89.1,,,2070,66.3,,5.86,1.93,6.01,,6.6,15.1,3.9,-0.51,,-5.1,3.3,,,,,,,,,,,,,,,,,,,,,,,,BRK_BAN,CON_RIV,BanditsBallpark,,,20260608-BanditsBallpark-1,,,,,,,,,,,,,,,,,,,,,,"Boyd, Marcus",,Right,BRK_BAN,,,,,,,,,,,,,,,,,,,,,,,,,,,,,,,,,,,,,,,,,,,,,,,,,,,,,,,,,,,,,,,,,,,,
,20260608,,4,4,"Frost, Adam",,Right,BRK_BAN,"Marsh, Eli",,Left,CON_RIV,,7,Top,2,1,2,Four-Seam,Four-Seam,StrikeSwinging,Strikeout,,,,,,91.5,,,2115,22.1,,5.68,2.01,6.71,,13.4,5.4,2.43,0.59,,-5.0,1.0,,,,,,,,,,,,,,,,,,,,,,,,BRK_BAN,CON_RIV,BanditsBallpark,,,20260608-BanditsBallpark-1,,,,,,,,,,,,,,,,,,,,,,"Boyd, Marcus",,Right,BRK_BAN,,,,,,,,,,,,,,,,,,,,,,,,,,,,,,,,,,,,,,,,,,,,,,,,,,,,,,,,,,,,,,,,,,,,
,20260608,,1,1,"Dunmore, Chris",,Right,CON_RIV,"Frost, Adam",,Left,BRK_BAN,,7,Bottom,0,0,0,Slider,Slider,InPlay,,FlyBall,Out,1,,,82.1,,,2430,297.0,,5.85,1.85,6.07,,2.1,-4.2,2.31,0.46,,-5.4,-0.0,,77.7,45.8,-8.4,,,,,33.2,33.2,,,,,,,,,,,,,,BRK_BAN,CON_RIV,BanditsBallpark,,,20260608-BanditsBallpark-1,,,,,,,,,,,,,,,,,FlyBall,,,,,"Doyle, Hunter",,Right,CON_RIV,,,,,,,,,,,,,,,,,,,,,,,,,,,,,,,,,,,,,,,,,,,,,,,,,,,,,,,,,,,,,,,,,,,,
,20260608,,2,1,"Dunmore, Chris",,Right,CON_RIV,"Boyd, Marcus",,Right,BRK_BAN,,7,Bottom,1,0,0,Slider,Slider,InPlay,,FlyBall,Single,,,,82.2,,,2376,286.3,,5.71,1.83,5.92,,1.8,-6.1,3.06,0.75,,-4.8,-0.9,,71.4,33.6,-3.5,,,,,196.2,196.2,,,,,,,,,,,,,,BRK_BAN,CON_RIV,BanditsBallpark,,,20260608-BanditsBallpark-1,,,,,,,,,,,,,,,,,FlyBall,,,,,"Doyle, Hunter",,Right,CON_RIV,,,,,,,,,,,,,,,,,,,,,,,,,,,,,,,,,,,,,,,,,,,,,,,,,,,,,,,,,,,,,,,,,,,,
,20260608,,3,1,"Dunmore, Chris",,Right,CON_RIV,"Reyes, Julian",,Right,BRK_BAN,,7,Bottom,1,0,0,Slider,Slider,StrikeCalled,,,,,,,82.0,,,2579,297.7,,5.51,1.74,5.73,,2.0,-3.8,1.83,0.22,,-4.3,-0.7,,,,,,,,,,,,,,,,,,,,,,,,BRK_BAN,CON_RIV,BanditsBallpark,,,20260608-BanditsBallpark-1,,,,,,,,,,,,,,,,,,,,,,"Doyle, Hunter",,Right,CON_RIV,,,,,,,,,,,,,,,,,,,,,,,,,,,,,,,,,,,,,,,,,,,,,,,,,,,,,,,,,,,,,,,,,,,,
,20260608,,3,2,"Dunmore, Chris",,Right,CON_RIV,"Reyes, Julian",,Right,BRK_BAN,,7,Bottom,1,0,1,Slider,Slider,StrikeCalled,,,,,,,82.1,,,2427,287.9,,5.72,1.91,6.11,,1.6,-5.0,2.42,0.06,,-5.6,-0.3,,,,,,,,,,,,,,,,,,,,,,,,BRK_BAN,CON_RIV,BanditsBallpark,,,20260608-BanditsBallpark-1,,,,,,,,,,,,,,,,,,,,,,"Doyle, Hunter",,Right,CON_RIV,,,,,,,,,,,,,,,,,,,,,,,,,,,,,,,,,,,,,,,,,,,,,,,,,,,,,,,,,,,,,,,,,,,,
,20260608,,3,3,"Dunmore, Chris",,Right,CON_RIV,"Reyes, Julian",,Right,BRK_BAN,,7,Bottom,1,0,2,Four-Seam,Four-Seam,InPlay,,LineDrive,Single,,,,93.2,,,2121,23.6,,5.74,1.95,6.41,,13.1,5.7,1.57,0.56,,-6.6,1.2,,93.7,20.0,-13.8,,,,,256.1,256.1,,,,,,,,,,,,,,BRK_BAN,CON_RIV,BanditsBallpark,,,20260608-BanditsBallpark-1,,,,,,,,,,,,,,,,,LineDrive,,,,,"Doyle, Hunter",,Right,CON_RIV,,,,,,,,,,,,,,,,,,,,,,,,,,,,,,,,,,,,,,,,,,,,,,,,,,,,,,,,,,,,,,,,,,,,
,20260608,,4,1,"Dunmore, Chris",,Right,CON_RIV,"Callahan, Derek",,Left,BRK_BAN,,7,Bottom,1,0,0,Slider,Slider,StrikeCalled,,,,,,,84.0,,,2455,280.3,,5.81,1.83,6.17,,0.8,-4.2,2.19,0.23,,-5.2,-0.7,,,,,,,,,,,,,,,,,,,,,,,,BRK_BAN,CON_RIV,BanditsBallpark,,,20260608-BanditsBallpark-1,,,,,,,,,,,,,,,,,,,,,,"Doyle, Hunter",,Right,CON_RIV,,,,,,,,,,,,,,,,,,,,,,,,,,,,,,,,,,,,,,,,,,,,,,,,,,,,,,,,,,,,,,,,,,,,
,20260608,,4,2,"Dunmore, Chris",,Right,CON_RIV,"Callahan, Derek",,Left,BRK_BAN,,7,Bottom,1,0,1,Four-Seam,Four-Seam,StrikeCalled,,,,,,,91.9,,,2260,32.1,,5.97,2.05,6.51,,15.4,9.7,2.59,0.25,,-7.7,1.5,,,,,,,,,,,,,,,,,,,,,,,,BRK_BAN,CON_RIV,BanditsBallpark,,,20260608-BanditsBallpark-1,,,,,,,,,,,,,,,,,,,,,,"Doyle, Hunter",,Right,CON_RIV,,,,,,,,,,,,,,,,,,,,,,,,,,,,,,,,,,,,,,,,,,,,,,,,,,,,,,,,,,,,,,,,,,,,
,20260608,,4,3,"Dunmore, Chris",,Right,CON_RIV,"Callahan, Derek",,Left,BRK_BAN,,7,Bottom,1,0,2,Four-Seam,Four-Seam,InPlay,,FlyBall,Single,,,,91.0,,,2272,27.4,,5.85,1.75,6.29,,12.4,6.4,2.92,0.79,,-5.6,1.4,,81.2,38.2,19.3,,,,,243.4,243.4,,,,,,,,,,,,,,BRK_BAN,CON_RIV,BanditsBallpark,,,20260608-BanditsBallpark-1,,,,,,,,,,,,,,,,,FlyBall,,,,,"Doyle, Hunter",,Right,CON_RIV,,,,,,,,,,,,,,,,,,,,,,,,,,,,,,,,,,,,,,,,,,,,,,,,,,,,,,,,,,,,,,,,,,,,
,20260608,,5,1,"Dunmore, Chris",,Right,CON_RIV,"Brooks, Tyler",,Right,BRK_BAN,,7,Bottom,1,0,0,Four-Seam,Four-Seam,StrikeSwinging,,,,,,,91.1,,,2259,24.3,,6.01,1.86,5.95,,13.5,6.1,0.99,-0.04,,-5.3,0.9,,,,,,,,,,,,,,,,,,,,,,,,BRK_BAN,CON_RIV,BanditsBallpark,,,20260608-BanditsBallpark-1,,,,,,,,,,,,,,,,,,,,,,"Doyle, Hunter",,Right,CON_RIV,,,,,,,,,,,,,,,,,,,,,,,,,,,,,,,,,,,,,,,,,,,,,,,,,,,,,,,,,,,,,,,,,,,,
,20260608,,5,2,"Dunmore, Chris",,Right,CON_RIV,"Brooks, Tyler",,Right,BRK_BAN,,7,Bottom,1,0,1,Slider,Slider,BallCalled,,,,,,,80.4,,,2320,311.7,,6.0,1.78,6.05,,1.5,-1.7,1.3,0.63,,-5.6,0.9,,,,,,,,,,,,,,,,,,,,,,,,BRK_BAN,CON_RIV,BanditsBallpark,,,20260608-BanditsBallpark-1,,,,,,,,,,,,,,,,,,,,,,"Doyle, Hunter",,Right,CON_RIV,,,,,,,,,,,,,,,,,,,,,,,,,,,,,,,,,,,,,,,,,,,,,,,,,,,,,,,,,,,,,,,,,,,,
,20260608,,5,3,"Dunmore, Chris",,Right,CON_RIV,"Brooks, Tyler",,Right,BRK_BAN,,7,Bottom,1,1,1,Four-Seam,Four-Seam,StrikeCalled,,,,,,,92.7,,,2274,26.2,,5.86,1.83,6.06,,12.8,6.3,1.76,0.23,,-6.1,1.2,,,,,,,,,,,,,,,,,,,,,,,,BRK_BAN,CON_RIV,BanditsBallpark,,,20260608-BanditsBallpark-1,,,,,,,,,,,,,,,,,,,,,,"Doyle, Hunter",,Right,CON_RIV,,,,,,,,,,,,,,,,,,,,,,,,,,,,,,,,,,,,,,,,,,,,,,,,,,,,,,,,,,,,,,,,,,,,
,20260608,,5,4,"Dunmore, Chris",,Right,CON_RIV,"Brooks, Tyler",,Right,BRK_BAN,,7,Bottom,1,1,2,Four-Seam,Four-Seam,BallCalled,,,,,,,92.8,,,2261,27.5,,5.64,2.0,6.46,,13.9,7.2,4.48,-1.06,,-5.6,2.0,,,,,,,,,,,,,,,,,,,,,,,,BRK_BAN,CON_RIV,BanditsBallpark,,,20260608-BanditsBallpark-1,,,,,,,,,,,,,,,,,,,,,,"Doyle, Hunter",,Right,CON_RIV,,,,,,,,,,,,,,,,,,,,,,,,,,,,,,,,,,,,,,,,,,,,,,,,,,,,,,,,,,,,,,,,,,,,
,20260608,,5,5,"Dunmore, Chris",,Right,CON_RIV,"Brooks, Tyler",,Right,BRK_BAN,,7,Bottom,1,2,2,Slider,Slider,InPlay,,GroundBall,Out,1,,,82.2,,,2503,282.7,,5.98,1.84,5.96,,1.1,-4.7,2.84,-0.51,,-4.6,-1.7,,79.8,-17.9,-7.8,,,,,192.8,192.8,,,,,,,,,,,,,,BRK_BAN,CON_RIV,BanditsBallpark,,,20260608-BanditsBallpark-1,,,,,,,,,,,,,,,,,GroundBall,,,,,"Doyle, Hunter",,Right,CON_RIV,,,,,,,,,,,,,,,,,,,,,,,,,,,,,,,,,,,,,,,,,,,,,,,,,,,,,,,,,,,,,,,,,,,,
,20260608,,6,1,"Dunmore, Chris",,Right,CON_RIV,"Frost, Adam",,Left,BRK_BAN,,7,Bottom,2,0,0,Four-Seam,Four-Seam,BallCalled,,,,,,,90.9,,,2235,21.7,,5.82,1.91,6.1,,14.5,5.8,2.5,1.24,,-6.1,1.0,,,,,,,,,,,,,,,,,,,,,,,,BRK_BAN,CON_RIV,BanditsBallpark,,,20260608-BanditsBallpark-1,,,,,,,,,,,,,,,,,,,,,,"Doyle, Hunter",,Right,CON_RIV,,,,,,,,,,,,,,,,,,,,,,,,,,,,,,,,,,,,,,,,,,,,,,,,,,,,,,,,,,,,,,,,,,,,
,20260608,,6,2,"Dunmore, Chris",,Right,CON_RIV,"Frost, Adam",,Left,BRK_BAN,,7,Bottom,2,1,0,Slider,Slider,InPlay,,LineDrive,Out,1,,,82.5,,,2310,279.5,,5.91,1.87,6.2,,0.8,-4.8,3.15,-0.47,,-4.6,-1.2,,80.2,21.7,33.2,,,,,339.7,339.7,,,,,,,,,,,,,,BRK_BAN,CON_RIV,BanditsBallpark,,,20260608-BanditsBallpark-1,,,,,,,,,,,,,,,,,LineDrive,,,,,"Doyle, Hunter",,Right,CON_RIV,,,,,,,,,,,,,,,,,,,,,,,,,,,,,,,,,,,,,,,,,,,,,,,,,,,,,,,,,,,,,,,,,,,,
